--- STARTING LOAD GENERATOR ON PORT 5002 ---

[01:46:41] CONNECTED to Master Node
[01:46:41] INSERT: login by Иван Петров
READ check (Last 3 IDs): [124, 114, 113]
[01:46:42] INSERT: purchase by Иван Петров
[01:46:43] INSERT: view_page by Иван Петров
READ check (Last 3 IDs): [126, 125, 124]
[01:46:44] INSERT: click by Алексей Козлов
[01:46:45] INSERT: view_page by Иван Петров
READ check (Last 3 IDs): [128, 127, 126]
[01:46:46] INSERT: login by Мария Сидорова
[01:46:47] INSERT: login by Мария Сидорова
READ check (Last 3 IDs): [130, 129, 128]
[01:46:48] INSERT: click by Алексей Козлов
[01:46:49] INSERT: click by Мария Сидорова
READ check (Last 3 IDs): [132, 131, 130]
[01:46:50] INSERT: logout by Мария Сидорова
[01:46:51] INSERT: purchase by Мария Сидорова
READ check (Last 3 IDs): [134, 133, 132]
[01:46:52] INSERT: purchase by Иван Петров
[01:46:53] INSERT: error by Алексей Козлов
READ check (Last 3 IDs): [136, 135, 134]
[01:46:54] INSERT: error by Иван Петров
[01:46:55] INSERT: login by Мария Сидорова
READ check (Last 3 IDs): [138, 137, 136]
[01:46:56] INSERT: error by Мария Сидорова
[01:46:57] INSERT: click by Мария Сидорова
READ check (Last 3 IDs): [140, 139, 138]
[01:46:58] INSERT: click by Мария Сидорова
[01:46:59] INSERT: click by Иван Петров
READ check (Last 3 IDs): [142, 141, 140]
[01:47:00] INSERT: click by Иван Петров
[01:47:01] INSERT: error by Мария Сидорова
READ check (Last 3 IDs): [144, 143, 142]
[01:47:02] INSERT: view_page by Иван Петров
[01:47:04] INSERT: view_page by Алексей Козлов
READ check (Last 3 IDs): [146, 145, 144]
[01:47:05] INSERT: purchase by Мария Сидорова
[01:47:06] INSERT: purchase by Иван Петров
READ check (Last 3 IDs): [148, 147, 146]
[01:47:07] INSERT: logout by Иван Петров
[01:47:08] INSERT: click by Иван Петров
READ check (Last 3 IDs): [150, 149, 148]
[01:47:09] INSERT: click by Алексей Козлов
[01:47:10] INSERT: logout by Иван Петров
READ check (Last 3 IDs): [152, 151, 150]
[01:47:11] INSERT: click by Мария Сидорова
[01:47:12] INSERT: view_page by Мария Сидорова
READ check (Last 3 IDs): [154, 153, 152]
[01:47:13] INSERT: purchase by Иван Петров
[01:47:14] INSERT: purchase by Алексей Козлов
READ check (Last 3 IDs): [156, 155, 154]
[01:47:15] INSERT: click by Мария Сидорова
[01:47:16] INSERT: error by Мария Сидорова
READ check (Last 3 IDs): [158, 157, 156]
[01:47:17] INSERT: click by Алексей Козлов
[01:47:18] INSERT: login by Иван Петров
READ check (Last 3 IDs): [160, 159, 158]
[01:47:19] INSERT: login by Мария Сидорова
[01:47:20] INSERT: purchase by Иван Петров
READ check (Last 3 IDs): [162, 161, 160]
[01:47:21] INSERT: login by Алексей Козлов
[01:47:22] INSERT: error by Мария Сидорова
READ check (Last 3 IDs): [164, 163, 162]
[01:47:23] INSERT: purchase by Алексей Козлов
[01:47:24] INSERT: error by Алексей Козлов
READ check (Last 3 IDs): [166, 165, 164]
[01:47:25] INSERT: login by Иван Петров
[01:47:26] INSERT: view_page by Мария Сидорова
READ check (Last 3 IDs): [168, 167, 166]
[01:47:27] INSERT: logout by Мария Сидорова
[01:47:28] INSERT: view_page by Иван Петров
READ check (Last 3 IDs): [170, 169, 168]
[01:47:29] INSERT: click by Иван Петров
[01:47:30] INSERT: error by Мария Сидорова
READ check (Last 3 IDs): [172, 171, 170]
[01:47:31] INSERT: purchase by Мария Сидорова
[01:47:32] INSERT: purchase by Иван Петров
READ check (Last 3 IDs): [174, 173, 172]
[01:47:33] INSERT: view_page by Иван Петров
[01:47:34] INSERT: logout by Алексей Козлов
READ check (Last 3 IDs): [176, 175, 174]
[01:47:35] INSERT: click by Алексей Козлов
[01:47:36] INSERT: error by Алексей Козлов
READ check (Last 3 IDs): [178, 177, 176]
[01:47:37] INSERT: click by Иван Петров
[01:47:38] INSERT: click by Мария Сидорова
READ check (Last 3 IDs): [180, 179, 178]
[01:47:39] INSERT: error by Алексей Козлов
[01:47:40] INSERT: login by Алексей Козлов
READ check (Last 3 IDs): [182, 181, 180]
[01:47:41] INSERT: click by Мария Сидорова
[01:47:42] INSERT: purchase by Мария Сидорова
READ check (Last 3 IDs): [184, 183, 182]
[01:47:43] INSERT: purchase by Иван Петров
[01:47:44] INSERT: click by Алексей Козлов
READ check (Last 3 IDs): [186, 185, 184]
[01:47:45] INSERT: view_page by Алексей Козлов
[01:47:46] INSERT: error by Алексей Козлов
READ check (Last 3 IDs): [188, 187, 186]
[01:47:47] INSERT: view_page by Алексей Козлов
[01:47:48] INSERT: logout by Алексей Козлов
READ check (Last 3 IDs): [190, 189, 188]
[01:47:49] INSERT: view_page by Иван Петров
[01:47:50] INSERT: login by Алексей Козлов
READ check (Last 3 IDs): [192, 191, 190]
[01:47:51] INSERT: error by Мария Сидорова
[01:47:52] INSERT: click by Иван Петров
READ check (Last 3 IDs): [194, 193, 192]
[01:47:53] INSERT: purchase by Алексей Козлов
[01:47:54] INSERT: login by Иван Петров
READ check (Last 3 IDs): [196, 195, 194]
[01:47:55] INSERT: purchase by Алексей Козлов
[01:47:56] INSERT: logout by Мария Сидорова
READ check (Last 3 IDs): [198, 197, 196]
[01:47:57] INSERT: purchase by Иван Петров
[01:47:58] INSERT: click by Иван Петров
READ check (Last 3 IDs): [200, 199, 198]
[01:47:59] INSERT: error by Алексей Козлов
[01:48:00] INSERT: click by Алексей Козлов
READ check (Last 3 IDs): [202, 201, 200]
[01:48:01] INSERT: logout by Алексей Козлов
[01:48:02] INSERT: logout by Мария Сидорова
READ check (Last 3 IDs): [204, 203, 202]
[01:48:03] INSERT: error by Алексей Козлов
[01:48:04] INSERT: login by Алексей Козлов
READ check (Last 3 IDs): [206, 205, 204]
[01:48:05] INSERT: click by Алексей Козлов
[01:48:06] INSERT: logout by Мария Сидорова
READ check (Last 3 IDs): [208, 207, 206]
[01:48:07] INSERT: click by Мария Сидорова
[01:48:08] INSERT: logout by Иван Петров
READ check (Last 3 IDs): [210, 209, 208]
[01:48:09] INSERT: click by Иван Петров
[01:48:10] INSERT: purchase by Мария Сидорова
READ check (Last 3 IDs): [212, 211, 210]
[01:48:12] INSERT: purchase by Мария Сидорова
[01:48:13] INSERT: view_page by Мария Сидорова
READ check (Last 3 IDs): [214, 213, 212]
[01:48:14] INSERT: login by Мария Сидорова
[01:48:15] INSERT: login by Алексей Козлов
READ check (Last 3 IDs): [216, 215, 214]
[01:48:16] INSERT: purchase by Алексей Козлов
[01:48:17] INSERT: click by Иван Петров
READ check (Last 3 IDs): [218, 217, 216]
[01:48:18] INSERT: view_page by Мария Сидорова
[01:48:19] INSERT: error by Иван Петров
READ check (Last 3 IDs): [220, 219, 218]
[01:48:20] INSERT: logout by Мария Сидорова
[01:48:21] INSERT: login by Мария Сидорова
READ check (Last 3 IDs): [222, 221, 220]
[01:48:22] INSERT: login by Алексей Козлов
[01:48:23] INSERT: click by Мария Сидорова
READ check (Last 3 IDs): [224, 223, 222]
[01:48:24] INSERT: login by Алексей Козлов
[01:48:25] INSERT: error by Алексей Козлов
READ check (Last 3 IDs): [226, 225, 224]
[01:48:26] INSERT: logout by Мария Сидорова
[01:48:27] INSERT: logout by Алексей Козлов
READ check (Last 3 IDs): [228, 227, 226]
[01:48:28] INSERT: view_page by Алексей Козлов
[01:48:29] INSERT: click by Иван Петров
READ check (Last 3 IDs): [230, 229, 228]
[01:48:30] INSERT: view_page by Иван Петров
[01:48:31] INSERT: login by Мария Сидорова
READ check (Last 3 IDs): [232, 231, 230]
[01:48:32] INSERT: view_page by Мария Сидорова
[01:48:33] INSERT: purchase by Иван Петров
READ check (Last 3 IDs): [234, 233, 232]
[01:48:34] INSERT: logout by Иван Петров
[01:48:35] INSERT: purchase by Иван Петров
READ check (Last 3 IDs): [236, 235, 234]
[01:48:36] INSERT: logout by Алексей Козлов
[01:48:37] INSERT: purchase by Мария Сидорова
READ check (Last 3 IDs): [238, 237, 236]
[01:48:38] INSERT: click by Мария Сидорова
[01:48:39] INSERT: purchase by Мария Сидорова
READ check (Last 3 IDs): [240, 239, 238]
[01:48:40] INSERT: login by Мария Сидорова
[01:48:41] INSERT: logout by Алексей Козлов
READ check (Last 3 IDs): [242, 241, 240]
[01:48:42] INSERT: error by Иван Петров
[01:48:43] INSERT: click by Алексей Козлов
READ check (Last 3 IDs): [244, 243, 242]
[01:48:44] INSERT: view_page by Мария Сидорова
[01:48:45] INSERT: purchase by Мария Сидорова
READ check (Last 3 IDs): [246, 245, 244]
[01:48:46] INSERT: click by Алексей Козлов
[01:48:47] INSERT: error by Мария Сидорова
READ check (Last 3 IDs): [248, 247, 246]
[01:48:48] INSERT: view_page by Алексей Козлов

[01:48:49] CONNECTION LOST (Failover in progress?): server closed the connection unexpectedly
	This probably means the server terminated abnormally
	before or while processing the request.

[01:48:50] Connection failed: connection to server at "localhost" (::1), port 5002 failed: session is read-only

[01:48:51] Connection failed: connection to server at "localhost" (::1), port 5002 failed: session is read-only

[01:48:52] Connection failed: connection to server at "localhost" (::1), port 5002 failed: session is read-only

[01:48:53] Connection failed: connection to server at "localhost" (::1), port 5002 failed: session is read-only

[01:48:54] Connection failed: connection to server at "localhost" (::1), port 5002 failed: session is read-only

[01:48:55] Connection failed: connection to server at "localhost" (::1), port 5002 failed: session is read-only

[01:48:56] Connection failed: connection to server at "localhost" (::1), port 5002 failed: session is read-only

[01:48:57] Connection failed: connection to server at "localhost" (::1), port 5002 failed: session is read-only

[01:48:58] Connection failed: connection to server at "localhost" (::1), port 5002 failed: server closed the connection unexpectedly
	This probably means the server terminated abnormally
	before or while processing the request.

[01:48:59] Connection failed: connection to server at "localhost" (::1), port 5002 failed: server closed the connection unexpectedly
	This probably means the server terminated abnormally
	before or while processing the request.

[01:49:00] Connection failed: connection to server at "localhost" (::1), port 5002 failed: server closed the connection unexpectedly
	This probably means the server terminated abnormally
	before or while processing the request.

[01:49:01] Connection failed: connection to server at "localhost" (::1), port 5002 failed: server closed the connection unexpectedly
	This probably means the server terminated abnormally
	before or while processing the request.

[01:49:02] Connection failed: connection to server at "localhost" (::1), port 5002 failed: server closed the connection unexpectedly
	This probably means the server terminated abnormally
	before or while processing the request.

[01:49:03] Connection failed: connection to server at "localhost" (::1), port 5002 failed: server closed the connection unexpectedly
	This probably means the server terminated abnormally
	before or while processing the request.

[01:49:04] Connection failed: connection to server at "localhost" (::1), port 5002 failed: server closed the connection unexpectedly
	This probably means the server terminated abnormally
	before or while processing the request.

[01:49:05] Connection failed: connection to server at "localhost" (::1), port 5002 failed: server closed the connection unexpectedly
	This probably means the server terminated abnormally
	before or while processing the request.

[01:49:06] Connection failed: connection to server at "localhost" (::1), port 5002 failed: server closed the connection unexpectedly
	This probably means the server terminated abnormally
	before or while processing the request.

[01:49:07] Connection failed: connection to server at "localhost" (::1), port 5002 failed: server closed the connection unexpectedly
	This probably means the server terminated abnormally
	before or while processing the request.

[01:49:08] Connection failed: connection to server at "localhost" (::1), port 5002 failed: server closed the connection unexpectedly
	This probably means the server terminated abnormally
	before or while processing the request.

[01:49:09] Connection failed: connection to server at "localhost" (::1), port 5002 failed: server closed the connection unexpectedly
	This probably means the server terminated abnormally
	before or while processing the request.

[01:49:10] Connection failed: connection to server at "localhost" (::1), port 5002 failed: server closed the connection unexpectedly
	This probably means the server terminated abnormally
	before or while processing the request.

[01:49:11] Connection failed: connection to server at "localhost" (::1), port 5002 failed: server closed the connection unexpectedly
	This probably means the server terminated abnormally
	before or while processing the request.

[01:49:12] Connection failed: connection to server at "localhost" (::1), port 5002 failed: server closed the connection unexpectedly
	This probably means the server terminated abnormally
	before or while processing the request.

[01:49:13] Connection failed: connection to server at "localhost" (::1), port 5002 failed: server closed the connection unexpectedly
	This probably means the server terminated abnormally
	before or while processing the request.

[01:49:14] Connection failed: connection to server at "localhost" (::1), port 5002 failed: server closed the connection unexpectedly
	This probably means the server terminated abnormally
	before or while processing the request.

[01:49:15] Connection failed: connection to server at "localhost" (::1), port 5002 failed: server closed the connection unexpectedly
	This probably means the server terminated abnormally
	before or while processing the request.

[01:49:16] Connection failed: connection to server at "localhost" (::1), port 5002 failed: server closed the connection unexpectedly
	This probably means the server terminated abnormally
	before or while processing the request.

[01:49:17] Connection failed: connection to server at "localhost" (::1), port 5002 failed: server closed the connection unexpectedly
	This probably means the server terminated abnormally
	before or while processing the request.

[01:49:18] Connection failed: connection to server at "localhost" (::1), port 5002 failed: server closed the connection unexpectedly
	This probably means the server terminated abnormally
	before or while processing the request.

[01:49:19] Connection failed: connection to server at "localhost" (::1), port 5002 failed: server closed the connection unexpectedly
	This probably means the server terminated abnormally
	before or while processing the request.

[01:49:20] Connection failed: connection to server at "localhost" (::1), port 5002 failed: server closed the connection unexpectedly
	This probably means the server terminated abnormally
	before or while processing the request.

[01:49:21] Connection failed: connection to server at "localhost" (::1), port 5002 failed: server closed the connection unexpectedly
	This probably means the server terminated abnormally
	before or while processing the request.

[01:49:22] Connection failed: connection to server at "localhost" (::1), port 5002 failed: server closed the connection unexpectedly
	This probably means the server terminated abnormally
	before or while processing the request.

[01:49:23] Connection failed: connection to server at "localhost" (::1), port 5002 failed: server closed the connection unexpectedly
	This probably means the server terminated abnormally
	before or while processing the request.

[01:49:24] Connection failed: connection to server at "localhost" (::1), port 5002 failed: server closed the connection unexpectedly
	This probably means the server terminated abnormally
	before or while processing the request.


[01:49:25] CONNECTED to Master Node
[01:49:25] INSERT: view_page by Мария Сидорова
READ check (Last 3 IDs): [250, 249, 248]
[01:49:26] INSERT: click by Иван Петров
[01:49:27] INSERT: purchase by Алексей Козлов
READ check (Last 3 IDs): [252, 251, 250]
[01:49:28] INSERT: click by Иван Петров
[01:49:29] INSERT: login by Иван Петров
READ check (Last 3 IDs): [254, 253, 252]
[01:49:30] INSERT: click by Иван Петров
[01:49:31] INSERT: purchase by Иван Петров
READ check (Last 3 IDs): [256, 255, 254]
[01:49:32] INSERT: error by Мария Сидорова
[01:49:33] INSERT: login by Алексей Козлов
READ check (Last 3 IDs): [258, 257, 256]
[01:49:34] INSERT: click by Алексей Козлов
[01:49:36] INSERT: purchase by Алексей Козлов
READ check (Last 3 IDs): [260, 259, 258]
[01:49:37] INSERT: click by Мария Сидорова
[01:49:38] INSERT: login by Мария Сидорова
READ check (Last 3 IDs): [262, 261, 260]
[01:49:39] INSERT: view_page by Алексей Козлов
[01:49:40] INSERT: logout by Алексей Козлов
READ check (Last 3 IDs): [264, 263, 262]
[01:49:41] INSERT: view_page by Алексей Козлов
[01:49:42] INSERT: view_page by Иван Петров
READ check (Last 3 IDs): [266, 265, 264]
[01:49:43] INSERT: login by Иван Петров
[01:49:44] INSERT: error by Мария Сидорова
READ check (Last 3 IDs): [268, 267, 266]
[01:49:45] INSERT: click by Иван Петров
[01:49:46] INSERT: view_page by Алексей Козлов
READ check (Last 3 IDs): [270, 269, 268]
[01:49:47] INSERT: login by Иван Петров
[01:49:48] INSERT: purchase by Мария Сидорова
READ check (Last 3 IDs): [272, 271, 270]
[01:49:49] INSERT: error by Алексей Козлов

[01:49:50] CONNECTION LOST (Failover in progress?): server closed the connection unexpectedly
	This probably means the server terminated abnormally
	before or while processing the request.

[01:49:51] Connection failed: connection to server at "localhost" (::1), port 5002 failed: Connection refused
	Is the server running on that host and accepting TCP/IP connections?
connection to server at "localhost" (127.0.0.1), port 5002 failed: Connection refused
	Is the server running on that host and accepting TCP/IP connections?

[01:49:52] Connection failed: connection to server at "localhost" (::1), port 5002 failed: Connection refused
	Is the server running on that host and accepting TCP/IP connections?
connection to server at "localhost" (127.0.0.1), port 5002 failed: Connection refused
	Is the server running on that host and accepting TCP/IP connections?

[01:49:53] Connection failed: connection to server at "localhost" (::1), port 5002 failed: Connection refused
	Is the server running on that host and accepting TCP/IP connections?
connection to server at "localhost" (127.0.0.1), port 5002 failed: Connection refused
	Is the server running on that host and accepting TCP/IP connections?

[01:49:54] Connection failed: connection to server at "localhost" (::1), port 5002 failed: Connection refused
	Is the server running on that host and accepting TCP/IP connections?
connection to server at "localhost" (127.0.0.1), port 5002 failed: Connection refused
	Is the server running on that host and accepting TCP/IP connections?

[01:49:55] Connection failed: connection to server at "localhost" (::1), port 5002 failed: Connection refused
	Is the server running on that host and accepting TCP/IP connections?
connection to server at "localhost" (127.0.0.1), port 5002 failed: Connection refused
	Is the server running on that host and accepting TCP/IP connections?

[01:49:56] Connection failed: connection to server at "localhost" (::1), port 5002 failed: Connection refused
	Is the server running on that host and accepting TCP/IP connections?
connection to server at "localhost" (127.0.0.1), port 5002 failed: Connection refused
	Is the server running on that host and accepting TCP/IP connections?

[01:49:57] Connection failed: connection to server at "localhost" (::1), port 5002 failed: Connection refused
	Is the server running on that host and accepting TCP/IP connections?
connection to server at "localhost" (127.0.0.1), port 5002 failed: Connection refused
	Is the server running on that host and accepting TCP/IP connections?

[01:49:58] Connection failed: connection to server at "localhost" (::1), port 5002 failed: Connection refused
	Is the server running on that host and accepting TCP/IP connections?
connection to server at "localhost" (127.0.0.1), port 5002 failed: Connection refused
	Is the server running on that host and accepting TCP/IP connections?

[01:49:59] Connection failed: connection to server at "localhost" (::1), port 5002 failed: Connection refused
	Is the server running on that host and accepting TCP/IP connections?
connection to server at "localhost" (127.0.0.1), port 5002 failed: Connection refused
	Is the server running on that host and accepting TCP/IP connections?

[01:50:00] Connection failed: connection to server at "localhost" (::1), port 5002 failed: Connection refused
	Is the server running on that host and accepting TCP/IP connections?
connection to server at "localhost" (127.0.0.1), port 5002 failed: Connection refused
	Is the server running on that host and accepting TCP/IP connections?

[01:50:01] Connection failed: connection to server at "localhost" (::1), port 5002 failed: Connection refused
	Is the server running on that host and accepting TCP/IP connections?
connection to server at "localhost" (127.0.0.1), port 5002 failed: Connection refused
	Is the server running on that host and accepting TCP/IP connections?

[01:50:02] Connection failed: connection to server at "localhost" (::1), port 5002 failed: Connection refused
	Is the server running on that host and accepting TCP/IP connections?
connection to server at "localhost" (127.0.0.1), port 5002 failed: Connection refused
	Is the server running on that host and accepting TCP/IP connections?

[01:50:03] Connection failed: connection to server at "localhost" (::1), port 5002 failed: Connection refused
	Is the server running on that host and accepting TCP/IP connections?
connection to server at "localhost" (127.0.0.1), port 5002 failed: Connection refused
	Is the server running on that host and accepting TCP/IP connections?

[01:50:04] Connection failed: connection to server at "localhost" (::1), port 5002 failed: Connection refused
	Is the server running on that host and accepting TCP/IP connections?
connection to server at "localhost" (127.0.0.1), port 5002 failed: Connection refused
	Is the server running on that host and accepting TCP/IP connections?

[01:50:05] Connection failed: connection to server at "localhost" (::1), port 5002 failed: Connection refused
	Is the server running on that host and accepting TCP/IP connections?
connection to server at "localhost" (127.0.0.1), port 5002 failed: Connection refused
	Is the server running on that host and accepting TCP/IP connections?

[01:50:06] Connection failed: connection to server at "localhost" (::1), port 5002 failed: Connection refused
	Is the server running on that host and accepting TCP/IP connections?
connection to server at "localhost" (127.0.0.1), port 5002 failed: Connection refused
	Is the server running on that host and accepting TCP/IP connections?

[01:50:07] Connection failed: connection to server at "localhost" (::1), port 5002 failed: Connection refused
	Is the server running on that host and accepting TCP/IP connections?
connection to server at "localhost" (127.0.0.1), port 5002 failed: Connection refused
	Is the server running on that host and accepting TCP/IP connections?

[01:50:08] Connection failed: connection to server at "localhost" (::1), port 5002 failed: Connection refused
	Is the server running on that host and accepting TCP/IP connections?
connection to server at "localhost" (127.0.0.1), port 5002 failed: Connection refused
	Is the server running on that host and accepting TCP/IP connections?


[01:50:09] CONNECTED to Master Node
[01:50:09] INSERT: click by Мария Сидорова
READ check (Last 3 IDs): [274, 273, 272]
[01:50:10] INSERT: click by Алексей Козлов
[01:50:11] INSERT: click by Мария Сидорова
READ check (Last 3 IDs): [276, 275, 274]
[01:50:12] INSERT: click by Иван Петров
[01:50:13] INSERT: logout by Алексей Козлов
READ check (Last 3 IDs): [278, 277, 276]
[01:50:14] INSERT: purchase by Алексей Козлов
[01:50:15] INSERT: purchase by Алексей Козлов
READ check (Last 3 IDs): [280, 279, 278]
[01:50:16] INSERT: click by Иван Петров
[01:50:17] INSERT: view_page by Иван Петров
READ check (Last 3 IDs): [282, 281, 280]
[01:50:18] INSERT: error by Мария Сидорова
[01:50:19] INSERT: login by Мария Сидорова
READ check (Last 3 IDs): [284, 283, 282]
[01:50:20] INSERT: logout by Мария Сидорова
[01:50:21] INSERT: error by Иван Петров
READ check (Last 3 IDs): [286, 285, 284]
[01:50:22] INSERT: login by Иван Петров
[01:50:23] INSERT: purchase by Мария Сидорова
READ check (Last 3 IDs): [288, 287, 286]
[01:50:24] INSERT: login by Иван Петров
[01:50:25] INSERT: click by Алексей Козлов
READ check (Last 3 IDs): [290, 289, 288]
[01:50:26] INSERT: click by Мария Сидорова
[01:50:27] INSERT: view_page by Алексей Козлов
READ check (Last 3 IDs): [292, 291, 290]
[01:50:28] INSERT: error by Иван Петров
[01:50:29] INSERT: view_page by Алексей Козлов
READ check (Last 3 IDs): [294, 293, 292]
[01:50:30] INSERT: purchase by Алексей Козлов
[01:50:31] INSERT: purchase by Мария Сидорова
READ check (Last 3 IDs): [296, 295, 294]
[01:50:32] INSERT: logout by Иван Петров
[01:50:33] INSERT: click by Мария Сидорова
READ check (Last 3 IDs): [298, 297, 296]
[01:50:34] INSERT: logout by Иван Петров
[01:50:35] INSERT: view_page by Мария Сидорова
READ check (Last 3 IDs): [300, 299, 298]
[01:50:36] INSERT: purchase by Иван Петров
[01:50:37] INSERT: view_page by Мария Сидорова
READ check (Last 3 IDs): [302, 301, 300]
[01:50:38] INSERT: login by Алексей Козлов
[01:50:39] INSERT: purchase by Алексей Козлов
READ check (Last 3 IDs): [304, 303, 302]
[01:50:40] INSERT: logout by Иван Петров
[01:50:41] INSERT: logout by Мария Сидорова
READ check (Last 3 IDs): [306, 305, 304]
[01:50:42] INSERT: error by Мария Сидорова
[01:50:43] INSERT: view_page by Иван Петров
READ check (Last 3 IDs): [308, 307, 306]
[01:50:44] INSERT: click by Иван Петров
[01:50:45] INSERT: purchase by Иван Петров
READ check (Last 3 IDs): [310, 309, 308]
[01:50:46] INSERT: logout by Алексей Козлов
[01:50:47] INSERT: logout by Мария Сидорова
READ check (Last 3 IDs): [312, 311, 310]
[01:50:48] INSERT: view_page by Алексей Козлов
[01:50:49] INSERT: click by Алексей Козлов
READ check (Last 3 IDs): [314, 313, 312]
[01:50:50] INSERT: purchase by Мария Сидорова
[01:50:51] INSERT: purchase by Алексей Козлов
READ check (Last 3 IDs): [316, 315, 314]
[01:50:52] INSERT: error by Мария Сидорова
[01:50:53] INSERT: click by Мария Сидорова
READ check (Last 3 IDs): [318, 317, 316]
[01:50:55] INSERT: login by Алексей Козлов
[01:50:56] INSERT: login by Мария Сидорова
READ check (Last 3 IDs): [320, 319, 318]
[01:50:57] INSERT: logout by Алексей Козлов
[01:50:58] INSERT: error by Мария Сидорова
READ check (Last 3 IDs): [322, 321, 320]
[01:50:59] INSERT: login by Алексей Козлов
[01:51:00] INSERT: error by Иван Петров
READ check (Last 3 IDs): [324, 323, 322]
[01:51:01] INSERT: error by Иван Петров
[01:51:02] INSERT: logout by Алексей Козлов
READ check (Last 3 IDs): [326, 325, 324]
[01:51:03] INSERT: click by Иван Петров
[01:51:04] INSERT: purchase by Мария Сидорова
READ check (Last 3 IDs): [328, 327, 326]
[01:51:05] INSERT: purchase by Алексей Козлов
[01:51:06] INSERT: click by Мария Сидорова
READ check (Last 3 IDs): [330, 329, 328]
[01:51:07] INSERT: logout by Алексей Козлов
[01:51:08] INSERT: error by Мария Сидорова
READ check (Last 3 IDs): [332, 331, 330]
[01:51:09] INSERT: error by Мария Сидорова
[01:51:10] INSERT: view_page by Иван Петров
READ check (Last 3 IDs): [334, 333, 332]
[01:51:11] INSERT: view_page by Мария Сидорова
[01:51:12] INSERT: click by Мария Сидорова
READ check (Last 3 IDs): [336, 335, 334]
[01:51:13] INSERT: login by Мария Сидорова
[01:51:14] INSERT: purchase by Иван Петров
READ check (Last 3 IDs): [338, 337, 336]
[01:51:15] INSERT: logout by Иван Петров
[01:51:16] INSERT: logout by Алексей Козлов
READ check (Last 3 IDs): [340, 339, 338]
[01:51:17] INSERT: view_page by Мария Сидорова
[01:51:18] INSERT: error by Иван Петров
READ check (Last 3 IDs): [342, 341, 340]
[01:51:19] INSERT: error by Мария Сидорова
[01:51:20] INSERT: logout by Мария Сидорова
READ check (Last 3 IDs): [344, 343, 342]
[01:51:21] INSERT: logout by Алексей Козлов
[01:51:22] INSERT: error by Алексей Козлов
READ check (Last 3 IDs): [346, 345, 344]
[01:51:23] INSERT: logout by Иван Петров
[01:51:24] INSERT: error by Мария Сидорова
READ check (Last 3 IDs): [348, 347, 346]
[01:51:25] INSERT: purchase by Алексей Козлов
[01:51:26] INSERT: click by Иван Петров
READ check (Last 3 IDs): [350, 349, 348]
[01:51:27] INSERT: purchase by Мария Сидорова
[01:51:28] INSERT: click by Иван Петров
READ check (Last 3 IDs): [352, 351, 350]
[01:51:29] INSERT: view_page by Иван Петров
[01:51:30] INSERT: login by Мария Сидорова
READ check (Last 3 IDs): [354, 353, 352]
[01:51:31] INSERT: view_page by Иван Петров
[01:51:32] INSERT: view_page by Мария Сидорова
READ check (Last 3 IDs): [356, 355, 354]
[01:51:33] INSERT: login by Мария Сидорова
[01:51:34] INSERT: purchase by Мария Сидорова
READ check (Last 3 IDs): [358, 357, 356]
[01:51:35] INSERT: view_page by Алексей Козлов
[01:51:36] INSERT: click by Алексей Козлов
READ check (Last 3 IDs): [360, 359, 358]
[01:51:37] INSERT: login by Мария Сидорова
[01:51:38] INSERT: login by Мария Сидорова
READ check (Last 3 IDs): [362, 361, 360]
[01:51:39] INSERT: error by Мария Сидорова
[01:51:40] INSERT: error by Алексей Козлов
READ check (Last 3 IDs): [364, 363, 362]
[01:51:41] INSERT: purchase by Алексей Козлов
[01:51:42] INSERT: view_page by Мария Сидорова
READ check (Last 3 IDs): [366, 365, 364]
[01:51:43] INSERT: error by Алексей Козлов
[01:51:44] INSERT: click by Иван Петров
READ check (Last 3 IDs): [368, 367, 366]
[01:51:45] INSERT: click by Иван Петров
[01:51:46] INSERT: click by Мария Сидорова
READ check (Last 3 IDs): [370, 369, 368]
[01:51:47] INSERT: purchase by Мария Сидорова
[01:51:48] INSERT: login by Алексей Козлов
READ check (Last 3 IDs): [372, 371, 370]
[01:51:49] INSERT: purchase by Мария Сидорова
[01:51:50] INSERT: click by Алексей Козлов
READ check (Last 3 IDs): [374, 373, 372]
[01:51:51] INSERT: login by Иван Петров
[01:51:52] INSERT: error by Мария Сидорова
READ check (Last 3 IDs): [376, 375, 374]
[01:51:53] INSERT: login by Алексей Козлов
[01:51:54] INSERT: login by Иван Петров
READ check (Last 3 IDs): [378, 377, 376]
[01:51:55] INSERT: logout by Алексей Козлов
[01:51:56] INSERT: purchase by Алексей Козлов
READ check (Last 3 IDs): [380, 379, 378]
[01:51:58] INSERT: error by Алексей Козлов
[01:51:59] INSERT: purchase by Алексей Козлов
READ check (Last 3 IDs): [382, 381, 380]
[01:52:00] INSERT: logout by Иван Петров
[01:52:01] INSERT: view_page by Иван Петров
READ check (Last 3 IDs): [384, 383, 382]
[01:52:02] INSERT: error by Мария Сидорова
[01:52:03] INSERT: view_page by Мария Сидорова
READ check (Last 3 IDs): [386, 385, 384]
[01:52:04] INSERT: logout by Алексей Козлов
[01:52:05] INSERT: purchase by Алексей Козлов
READ check (Last 3 IDs): [388, 387, 386]
[01:52:06] INSERT: login by Иван Петров
[01:52:07] INSERT: logout by Алексей Козлов
READ check (Last 3 IDs): [390, 389, 388]
[01:52:08] INSERT: error by Мария Сидорова
[01:52:09] INSERT: purchase by Алексей Козлов
READ check (Last 3 IDs): [392, 391, 390]
[01:52:10] INSERT: click by Иван Петров
[01:52:11] INSERT: login by Мария Сидорова
READ check (Last 3 IDs): [394, 393, 392]
[01:52:12] INSERT: logout by Мария Сидорова
[01:52:13] INSERT: logout by Мария Сидорова
READ check (Last 3 IDs): [396, 395, 394]
[01:52:14] INSERT: login by Алексей Козлов
[01:52:15] INSERT: logout by Иван Петров
READ check (Last 3 IDs): [398, 397, 396]
[01:52:16] INSERT: logout by Алексей Козлов
[01:52:17] INSERT: login by Иван Петров
READ check (Last 3 IDs): [400, 399, 398]
[01:52:18] INSERT: view_page by Мария Сидорова
[01:52:19] INSERT: view_page by Алексей Козлов
READ check (Last 3 IDs): [402, 401, 400]
[01:52:20] INSERT: login by Алексей Козлов
[01:52:21] INSERT: logout by Иван Петров
READ check (Last 3 IDs): [404, 403, 402]
[01:52:22] INSERT: view_page by Алексей Козлов
[01:52:23] INSERT: logout by Алексей Козлов
READ check (Last 3 IDs): [406, 405, 404]
[01:52:24] INSERT: click by Иван Петров
[01:52:25] INSERT: view_page by Мария Сидорова
READ check (Last 3 IDs): [408, 407, 406]
[01:52:26] INSERT: purchase by Мария Сидорова
[01:52:27] INSERT: error by Иван Петров
READ check (Last 3 IDs): [410, 409, 408]
[01:52:28] INSERT: login by Иван Петров
[01:52:29] INSERT: view_page by Иван Петров
READ check (Last 3 IDs): [412, 411, 410]
[01:52:30] INSERT: click by Алексей Козлов
[01:52:31] INSERT: purchase by Алексей Козлов
READ check (Last 3 IDs): [414, 413, 412]
[01:52:32] INSERT: login by Иван Петров
[01:52:33] INSERT: logout by Иван Петров
READ check (Last 3 IDs): [416, 415, 414]
[01:52:34] INSERT: error by Мария Сидорова
[01:52:35] INSERT: logout by Мария Сидорова
READ check (Last 3 IDs): [418, 417, 416]
[01:52:36] INSERT: logout by Иван Петров
[01:52:37] INSERT: logout by Алексей Козлов
READ check (Last 3 IDs): [420, 419, 418]
[01:52:38] INSERT: click by Мария Сидорова
[01:52:39] INSERT: login by Мария Сидорова
READ check (Last 3 IDs): [422, 421, 420]
[01:52:40] INSERT: login by Алексей Козлов
[01:52:41] INSERT: login by Алексей Козлов
READ check (Last 3 IDs): [424, 423, 422]
[01:52:42] INSERT: view_page by Мария Сидорова
[01:52:43] INSERT: click by Иван Петров
READ check (Last 3 IDs): [426, 425, 424]
[01:52:44] INSERT: error by Алексей Козлов
[01:52:45] INSERT: error by Алексей Козлов
READ check (Last 3 IDs): [428, 427, 426]
[01:52:46] INSERT: view_page by Иван Петров
[01:52:47] INSERT: view_page by Мария Сидорова
READ check (Last 3 IDs): [430, 429, 428]
[01:52:48] INSERT: error by Алексей Козлов
[01:52:49] INSERT: view_page by Мария Сидорова
READ check (Last 3 IDs): [432, 431, 430]
[01:52:50] INSERT: logout by Мария Сидорова
[01:52:51] INSERT: view_page by Иван Петров
READ check (Last 3 IDs): [434, 433, 432]
[01:52:52] INSERT: purchase by Иван Петров
[01:52:53] INSERT: purchase by Алексей Козлов
READ check (Last 3 IDs): [436, 435, 434]
[01:52:54] INSERT: purchase by Иван Петров
[01:52:55] INSERT: logout by Иван Петров
READ check (Last 3 IDs): [438, 437, 436]
[01:52:56] INSERT: logout by Иван Петров
[01:52:57] INSERT: click by Мария Сидорова
READ check (Last 3 IDs): [440, 439, 438]
[01:52:59] INSERT: click by Мария Сидорова
[01:53:00] INSERT: error by Мария Сидорова
READ check (Last 3 IDs): [442, 441, 440]
[01:53:01] INSERT: click by Иван Петров
[01:53:02] INSERT: error by Иван Петров
READ check (Last 3 IDs): [444, 443, 442]
[01:53:03] INSERT: logout by Мария Сидорова
[01:53:04] INSERT: click by Иван Петров
READ check (Last 3 IDs): [446, 445, 444]
[01:53:05] INSERT: login by Алексей Козлов
[01:53:06] INSERT: purchase by Иван Петров
READ check (Last 3 IDs): [448, 447, 446]
[01:53:07] INSERT: click by Алексей Козлов
[01:53:08] INSERT: logout by Иван Петров
READ check (Last 3 IDs): [450, 449, 448]
[01:53:09] INSERT: login by Мария Сидорова
[01:53:10] INSERT: login by Алексей Козлов
READ check (Last 3 IDs): [452, 451, 450]
[01:53:11] INSERT: login by Мария Сидорова
[01:53:12] INSERT: purchase by Алексей Козлов
READ check (Last 3 IDs): [454, 453, 452]
[01:53:13] INSERT: purchase by Мария Сидорова
[01:53:14] INSERT: click by Мария Сидорова
READ check (Last 3 IDs): [456, 455, 454]
[01:53:15] INSERT: login by Мария Сидорова
[01:53:16] INSERT: logout by Иван Петров
READ check (Last 3 IDs): [458, 457, 456]
[01:53:17] INSERT: logout by Мария Сидорова
[01:53:18] INSERT: click by Иван Петров
READ check (Last 3 IDs): [460, 459, 458]
[01:53:19] INSERT: click by Мария Сидорова
[01:53:20] INSERT: error by Алексей Козлов
READ check (Last 3 IDs): [462, 461, 460]
[01:53:21] INSERT: logout by Алексей Козлов
[01:53:22] INSERT: purchase by Иван Петров
READ check (Last 3 IDs): [464, 463, 462]
[01:53:23] INSERT: error by Иван Петров
[01:53:24] INSERT: view_page by Мария Сидорова
READ check (Last 3 IDs): [466, 465, 464]
[01:53:25] INSERT: login by Мария Сидорова
[01:53:26] INSERT: login by Алексей Козлов
READ check (Last 3 IDs): [468, 467, 466]
[01:53:27] INSERT: click by Иван Петров
[01:53:28] INSERT: view_page by Алексей Козлов
READ check (Last 3 IDs): [470, 469, 468]
[01:53:29] INSERT: purchase by Мария Сидорова
[01:53:30] INSERT: click by Мария Сидорова
READ check (Last 3 IDs): [472, 471, 470]
[01:53:31] INSERT: view_page by Алексей Козлов
[01:53:32] INSERT: purchase by Мария Сидорова
READ check (Last 3 IDs): [474, 473, 472]
[01:53:33] INSERT: view_page by Иван Петров
[01:53:34] INSERT: view_page by Иван Петров
READ check (Last 3 IDs): [476, 475, 474]
[01:53:35] INSERT: error by Алексей Козлов
[01:53:36] INSERT: error by Алексей Козлов
READ check (Last 3 IDs): [478, 477, 476]
[01:53:37] INSERT: purchase by Алексей Козлов
[01:53:38] INSERT: login by Иван Петров
READ check (Last 3 IDs): [480, 479, 478]
[01:53:39] INSERT: login by Мария Сидорова
[01:53:40] INSERT: error by Иван Петров
READ check (Last 3 IDs): [482, 481, 480]
[01:53:41] INSERT: login by Мария Сидорова
[01:53:42] INSERT: purchase by Алексей Козлов
READ check (Last 3 IDs): [484, 483, 482]
[01:53:43] INSERT: click by Иван Петров
[01:53:44] INSERT: error by Алексей Козлов
READ check (Last 3 IDs): [486, 485, 484]
[01:53:45] INSERT: error by Мария Сидорова
[01:53:46] INSERT: purchase by Алексей Козлов
READ check (Last 3 IDs): [488, 487, 486]
[01:53:47] INSERT: purchase by Алексей Козлов
[01:53:48] INSERT: view_page by Иван Петров
READ check (Last 3 IDs): [490, 489, 488]
[01:53:49] INSERT: view_page by Алексей Козлов
[01:53:50] INSERT: logout by Алексей Козлов
READ check (Last 3 IDs): [492, 491, 490]
[01:53:51] INSERT: purchase by Мария Сидорова
[01:53:52] INSERT: view_page by Иван Петров
READ check (Last 3 IDs): [494, 493, 492]
[01:53:53] INSERT: logout by Иван Петров
[01:53:54] INSERT: click by Мария Сидорова
READ check (Last 3 IDs): [496, 495, 494]
[01:53:55] INSERT: click by Мария Сидорова
[01:53:56] INSERT: click by Иван Петров
READ check (Last 3 IDs): [498, 497, 496]
[01:53:57] INSERT: error by Мария Сидорова
[01:53:59] INSERT: error by Алексей Козлов
READ check (Last 3 IDs): [500, 499, 498]
[01:54:00] INSERT: login by Мария Сидорова
[01:54:01] INSERT: login by Мария Сидорова
READ check (Last 3 IDs): [502, 501, 500]
[01:54:02] INSERT: error by Алексей Козлов
[01:54:03] INSERT: error by Алексей Козлов
READ check (Last 3 IDs): [504, 503, 502]
[01:54:04] INSERT: logout by Алексей Козлов
[01:54:05] INSERT: view_page by Мария Сидорова
READ check (Last 3 IDs): [506, 505, 504]
[01:54:06] INSERT: purchase by Алексей Козлов
[01:54:07] INSERT: click by Иван Петров
READ check (Last 3 IDs): [508, 507, 506]
[01:54:08] INSERT: click by Мария Сидорова
[01:54:09] INSERT: click by Алексей Козлов
READ check (Last 3 IDs): [510, 509, 508]
[01:54:10] INSERT: login by Алексей Козлов
[01:54:11] INSERT: click by Алексей Козлов
READ check (Last 3 IDs): [512, 511, 510]
[01:54:12] INSERT: purchase by Мария Сидорова
[01:54:13] INSERT: view_page by Алексей Козлов
READ check (Last 3 IDs): [514, 513, 512]
[01:54:14] INSERT: logout by Алексей Козлов
[01:54:15] INSERT: login by Иван Петров
READ check (Last 3 IDs): [516, 515, 514]
[01:54:16] INSERT: logout by Алексей Козлов
[01:54:17] INSERT: error by Иван Петров
READ check (Last 3 IDs): [518, 517, 516]
[01:54:18] INSERT: error by Мария Сидорова
[01:54:19] INSERT: error by Мария Сидорова
READ check (Last 3 IDs): [520, 519, 518]
[01:54:20] INSERT: view_page by Мария Сидорова
[01:54:21] INSERT: login by Иван Петров
READ check (Last 3 IDs): [522, 521, 520]
[01:54:22] INSERT: error by Алексей Козлов
[01:54:23] INSERT: view_page by Иван Петров
READ check (Last 3 IDs): [524, 523, 522]
[01:54:24] INSERT: error by Алексей Козлов
[01:54:25] INSERT: login by Мария Сидорова
READ check (Last 3 IDs): [526, 525, 524]
[01:54:26] INSERT: logout by Алексей Козлов
[01:54:27] INSERT: view_page by Алексей Козлов
READ check (Last 3 IDs): [528, 527, 526]
[01:54:28] INSERT: login by Иван Петров
[01:54:29] INSERT: error by Иван Петров
READ check (Last 3 IDs): [530, 529, 528]
[01:54:30] INSERT: error by Алексей Козлов
[01:54:31] INSERT: login by Иван Петров
READ check (Last 3 IDs): [532, 531, 530]
[01:54:32] INSERT: login by Мария Сидорова
[01:54:33] INSERT: view_page by Мария Сидорова
READ check (Last 3 IDs): [534, 533, 532]
[01:54:34] INSERT: purchase by Алексей Козлов
[01:54:35] INSERT: purchase by Мария Сидорова
READ check (Last 3 IDs): [536, 535, 534]
[01:54:36] INSERT: purchase by Иван Петров
[01:54:37] INSERT: error by Алексей Козлов
READ check (Last 3 IDs): [538, 537, 536]
[01:54:38] INSERT: view_page by Мария Сидорова
[01:54:39] INSERT: click by Алексей Козлов
READ check (Last 3 IDs): [540, 539, 538]
[01:54:40] INSERT: logout by Иван Петров
[01:54:41] INSERT: purchase by Мария Сидорова
READ check (Last 3 IDs): [542, 541, 540]
[01:54:42] INSERT: login by Алексей Козлов
[01:54:43] INSERT: login by Алексей Козлов
READ check (Last 3 IDs): [544, 543, 542]
[01:54:44] INSERT: view_page by Иван Петров
[01:54:45] INSERT: error by Мария Сидорова
READ check (Last 3 IDs): [546, 545, 544]
[01:54:46] INSERT: login by Алексей Козлов
[01:54:47] INSERT: click by Иван Петров
READ check (Last 3 IDs): [548, 547, 546]
[01:54:48] INSERT: logout by Алексей Козлов
[01:54:49] INSERT: purchase by Иван Петров
READ check (Last 3 IDs): [550, 549, 548]
[01:54:50] INSERT: click by Алексей Козлов
[01:54:51] INSERT: error by Алексей Козлов
READ check (Last 3 IDs): [552, 551, 550]
[01:54:52] INSERT: login by Алексей Козлов
[01:54:53] INSERT: login by Алексей Козлов
READ check (Last 3 IDs): [554, 553, 552]
[01:54:54] INSERT: click by Иван Петров
[01:54:55] INSERT: logout by Иван Петров
READ check (Last 3 IDs): [556, 555, 554]
[01:54:56] INSERT: error by Алексей Козлов
[01:54:57] INSERT: purchase by Алексей Козлов
READ check (Last 3 IDs): [558, 557, 556]
[01:54:58] INSERT: error by Мария Сидорова
[01:54:59] INSERT: login by Иван Петров
READ check (Last 3 IDs): [560, 559, 558]
[01:55:00] INSERT: logout by Алексей Козлов
[01:55:01] INSERT: purchase by Алексей Козлов
READ check (Last 3 IDs): [562, 561, 560]
[01:55:03] INSERT: purchase by Мария Сидорова
[01:55:04] INSERT: click by Мария Сидорова
READ check (Last 3 IDs): [564, 563, 562]
[01:55:05] INSERT: error by Мария Сидорова
[01:55:06] INSERT: login by Алексей Козлов
READ check (Last 3 IDs): [566, 565, 564]
[01:55:07] INSERT: login by Алексей Козлов
[01:55:08] INSERT: view_page by Мария Сидорова
READ check (Last 3 IDs): [568, 567, 566]
[01:55:09] INSERT: view_page by Иван Петров
[01:55:10] INSERT: view_page by Иван Петров
READ check (Last 3 IDs): [570, 569, 568]
[01:55:11] INSERT: error by Мария Сидорова
[01:55:12] INSERT: view_page by Мария Сидорова
READ check (Last 3 IDs): [572, 571, 570]
[01:55:13] INSERT: login by Иван Петров
[01:55:14] INSERT: click by Алексей Козлов
READ check (Last 3 IDs): [574, 573, 572]
[01:55:15] INSERT: click by Иван Петров
[01:55:16] INSERT: logout by Иван Петров
READ check (Last 3 IDs): [576, 575, 574]
[01:55:17] INSERT: error by Алексей Козлов
[01:55:18] INSERT: logout by Алексей Козлов
READ check (Last 3 IDs): [578, 577, 576]
[01:55:19] INSERT: login by Мария Сидорова
[01:55:20] INSERT: click by Иван Петров
READ check (Last 3 IDs): [580, 579, 578]
[01:55:21] INSERT: click by Иван Петров
[01:55:22] INSERT: logout by Иван Петров
READ check (Last 3 IDs): [582, 581, 580]
[01:55:23] INSERT: view_page by Иван Петров
[01:55:24] INSERT: logout by Алексей Козлов
READ check (Last 3 IDs): [584, 583, 582]
[01:55:25] INSERT: login by Мария Сидорова
[01:55:26] INSERT: error by Мария Сидорова
READ check (Last 3 IDs): [586, 585, 584]
[01:55:27] INSERT: click by Алексей Козлов
[01:55:28] INSERT: error by Алексей Козлов
READ check (Last 3 IDs): [588, 587, 586]
[01:55:29] INSERT: login by Алексей Козлов
[01:55:30] INSERT: logout by Алексей Козлов
READ check (Last 3 IDs): [590, 589, 588]
[01:55:31] INSERT: view_page by Мария Сидорова
[01:55:32] INSERT: error by Алексей Козлов
READ check (Last 3 IDs): [592, 591, 590]
[01:55:33] INSERT: click by Алексей Козлов
[01:55:34] INSERT: view_page by Мария Сидорова
READ check (Last 3 IDs): [594, 593, 592]
[01:55:35] INSERT: error by Иван Петров
[01:55:36] INSERT: logout by Алексей Козлов
READ check (Last 3 IDs): [596, 595, 594]
[01:55:37] INSERT: purchase by Алексей Козлов
[01:55:38] INSERT: purchase by Мария Сидорова
READ check (Last 3 IDs): [598, 597, 596]
[01:55:39] INSERT: logout by Мария Сидорова
[01:55:40] INSERT: error by Алексей Козлов
READ check (Last 3 IDs): [600, 599, 598]
[01:55:41] INSERT: purchase by Мария Сидорова
[01:55:42] INSERT: login by Иван Петров
READ check (Last 3 IDs): [602, 601, 600]
[01:55:43] INSERT: error by Иван Петров
[01:55:44] INSERT: logout by Мария Сидорова
READ check (Last 3 IDs): [604, 603, 602]
[01:55:45] INSERT: error by Иван Петров
[01:55:46] INSERT: view_page by Мария Сидорова
READ check (Last 3 IDs): [606, 605, 604]
[01:55:47] INSERT: purchase by Алексей Козлов
[01:55:48] INSERT: purchase by Алексей Козлов
READ check (Last 3 IDs): [608, 607, 606]
[01:55:49] INSERT: click by Алексей Козлов
[01:55:50] INSERT: click by Иван Петров
READ check (Last 3 IDs): [610, 609, 608]
[01:55:51] INSERT: logout by Алексей Козлов
[01:55:52] INSERT: view_page by Алексей Козлов
READ check (Last 3 IDs): [612, 611, 610]
[01:55:53] INSERT: login by Иван Петров
[01:55:54] INSERT: view_page by Алексей Козлов
READ check (Last 3 IDs): [614, 613, 612]
[01:55:55] INSERT: login by Иван Петров
[01:55:56] INSERT: click by Иван Петров
READ check (Last 3 IDs): [616, 615, 614]
[01:55:57] INSERT: login by Иван Петров
[01:55:58] INSERT: login by Алексей Козлов
READ check (Last 3 IDs): [618, 617, 616]
[01:55:59] INSERT: error by Мария Сидорова
[01:56:00] INSERT: login by Мария Сидорова
READ check (Last 3 IDs): [620, 619, 618]
[01:56:01] INSERT: logout by Мария Сидорова
[01:56:03] INSERT: error by Иван Петров
READ check (Last 3 IDs): [622, 621, 620]
[01:56:04] INSERT: purchase by Мария Сидорова
[01:56:05] INSERT: logout by Алексей Козлов
READ check (Last 3 IDs): [624, 623, 622]
[01:56:06] INSERT: logout by Иван Петров
[01:56:07] INSERT: login by Алексей Козлов
READ check (Last 3 IDs): [626, 625, 624]
[01:56:08] INSERT: purchase by Иван Петров
[01:56:09] INSERT: login by Иван Петров
READ check (Last 3 IDs): [628, 627, 626]
[01:56:10] INSERT: purchase by Мария Сидорова
[01:56:11] INSERT: view_page by Алексей Козлов
READ check (Last 3 IDs): [630, 629, 628]
[01:56:12] INSERT: click by Алексей Козлов
[01:56:13] INSERT: error by Мария Сидорова
READ check (Last 3 IDs): [632, 631, 630]
[01:56:14] INSERT: purchase by Мария Сидорова
[01:56:15] INSERT: view_page by Иван Петров
READ check (Last 3 IDs): [634, 633, 632]
[01:56:16] INSERT: logout by Алексей Козлов
[01:56:17] INSERT: click by Мария Сидорова
READ check (Last 3 IDs): [636, 635, 634]
[01:56:18] INSERT: purchase by Алексей Козлов
[01:56:19] INSERT: click by Иван Петров
READ check (Last 3 IDs): [638, 637, 636]
[01:56:20] INSERT: logout by Мария Сидорова
[01:56:21] INSERT: click by Иван Петров
READ check (Last 3 IDs): [640, 639, 638]
[01:56:22] INSERT: login by Алексей Козлов
[01:56:23] INSERT: view_page by Алексей Козлов
READ check (Last 3 IDs): [642, 641, 640]
[01:56:24] INSERT: error by Мария Сидорова
[01:56:25] INSERT: error by Алексей Козлов
READ check (Last 3 IDs): [644, 643, 642]
[01:56:26] INSERT: error by Алексей Козлов
[01:56:27] INSERT: view_page by Алексей Козлов
READ check (Last 3 IDs): [646, 645, 644]
[01:56:28] INSERT: purchase by Алексей Козлов
[01:56:29] INSERT: login by Алексей Козлов
READ check (Last 3 IDs): [648, 647, 646]
[01:56:30] INSERT: view_page by Алексей Козлов
[01:56:31] INSERT: purchase by Алексей Козлов
READ check (Last 3 IDs): [650, 649, 648]
[01:56:32] INSERT: logout by Иван Петров
[01:56:33] INSERT: login by Иван Петров
READ check (Last 3 IDs): [652, 651, 650]
[01:56:34] INSERT: purchase by Алексей Козлов
[01:56:35] INSERT: logout by Алексей Козлов
READ check (Last 3 IDs): [654, 653, 652]
[01:56:36] INSERT: error by Иван Петров
[01:56:37] INSERT: view_page by Алексей Козлов
READ check (Last 3 IDs): [656, 655, 654]
[01:56:38] INSERT: click by Иван Петров
[01:56:39] INSERT: click by Иван Петров
READ check (Last 3 IDs): [658, 657, 656]
[01:56:40] INSERT: view_page by Мария Сидорова
[01:56:41] INSERT: logout by Алексей Козлов
READ check (Last 3 IDs): [660, 659, 658]
[01:56:42] INSERT: login by Иван Петров
[01:56:43] INSERT: error by Алексей Козлов
READ check (Last 3 IDs): [662, 661, 660]
[01:56:44] INSERT: login by Иван Петров
[01:56:45] INSERT: error by Мария Сидорова
READ check (Last 3 IDs): [664, 663, 662]
[01:56:46] INSERT: error by Алексей Козлов
[01:56:47] INSERT: purchase by Алексей Козлов
READ check (Last 3 IDs): [666, 665, 664]
[01:56:48] INSERT: click by Мария Сидорова
[01:56:49] INSERT: purchase by Алексей Козлов
READ check (Last 3 IDs): [668, 667, 666]
[01:56:50] INSERT: click by Мария Сидорова
[01:56:51] INSERT: login by Алексей Козлов
READ check (Last 3 IDs): [670, 669, 668]
[01:56:52] INSERT: error by Алексей Козлов
[01:56:53] INSERT: click by Алексей Козлов
READ check (Last 3 IDs): [672, 671, 670]
[01:56:54] INSERT: purchase by Алексей Козлов
[01:56:55] INSERT: purchase by Мария Сидорова
READ check (Last 3 IDs): [674, 673, 672]
[01:56:56] INSERT: login by Иван Петров
[01:56:57] INSERT: error by Иван Петров
READ check (Last 3 IDs): [676, 675, 674]
[01:56:58] INSERT: login by Мария Сидорова
[01:56:59] INSERT: error by Алексей Козлов
READ check (Last 3 IDs): [678, 677, 676]
[01:57:00] INSERT: view_page by Мария Сидорова
[01:57:01] INSERT: login by Мария Сидорова
READ check (Last 3 IDs): [680, 679, 678]
[01:57:03] INSERT: login by Иван Петров
[01:57:04] INSERT: login by Алексей Козлов
READ check (Last 3 IDs): [682, 681, 680]
[01:57:05] INSERT: error by Алексей Козлов
[01:57:06] INSERT: click by Иван Петров
READ check (Last 3 IDs): [684, 683, 682]
[01:57:07] INSERT: login by Мария Сидорова
[01:57:08] INSERT: purchase by Алексей Козлов
READ check (Last 3 IDs): [686, 685, 684]
[01:57:09] INSERT: login by Мария Сидорова
[01:57:10] INSERT: login by Алексей Козлов
READ check (Last 3 IDs): [688, 687, 686]
[01:57:11] INSERT: click by Мария Сидорова
[01:57:12] INSERT: view_page by Алексей Козлов
READ check (Last 3 IDs): [690, 689, 688]
[01:57:13] INSERT: purchase by Мария Сидорова
[01:57:14] INSERT: click by Алексей Козлов
READ check (Last 3 IDs): [692, 691, 690]
[01:57:15] INSERT: click by Мария Сидорова
[01:57:16] INSERT: error by Мария Сидорова
READ check (Last 3 IDs): [694, 693, 692]
[01:57:17] INSERT: purchase by Алексей Козлов
[01:57:18] INSERT: click by Иван Петров
READ check (Last 3 IDs): [696, 695, 694]
[01:57:19] INSERT: logout by Алексей Козлов
[01:57:20] INSERT: login by Мария Сидорова
READ check (Last 3 IDs): [698, 697, 696]
[01:57:21] INSERT: purchase by Алексей Козлов
[01:57:22] INSERT: purchase by Алексей Козлов
READ check (Last 3 IDs): [700, 699, 698]
[01:57:23] INSERT: click by Иван Петров
[01:57:24] INSERT: logout by Мария Сидорова
READ check (Last 3 IDs): [702, 701, 700]
[01:57:25] INSERT: login by Мария Сидорова
[01:57:26] INSERT: purchase by Мария Сидорова
READ check (Last 3 IDs): [704, 703, 702]
[01:57:27] INSERT: purchase by Алексей Козлов
[01:57:28] INSERT: error by Мария Сидорова
READ check (Last 3 IDs): [706, 705, 704]
[01:57:29] INSERT: logout by Алексей Козлов
[01:57:30] INSERT: click by Алексей Козлов
READ check (Last 3 IDs): [708, 707, 706]
[01:57:31] INSERT: view_page by Алексей Козлов
[01:57:32] INSERT: logout by Иван Петров
READ check (Last 3 IDs): [710, 709, 708]
[01:57:33] INSERT: click by Иван Петров
[01:57:34] INSERT: error by Мария Сидорова
READ check (Last 3 IDs): [712, 711, 710]
[01:57:35] INSERT: view_page by Иван Петров
[01:57:36] INSERT: logout by Иван Петров
READ check (Last 3 IDs): [714, 713, 712]
[01:57:37] INSERT: click by Иван Петров
[01:57:38] INSERT: logout by Алексей Козлов
READ check (Last 3 IDs): [716, 715, 714]
[01:57:39] INSERT: view_page by Иван Петров
[01:57:40] INSERT: view_page by Иван Петров
READ check (Last 3 IDs): [718, 717, 716]
[01:57:41] INSERT: view_page by Иван Петров
[01:57:42] INSERT: login by Иван Петров
READ check (Last 3 IDs): [720, 719, 718]
[01:57:43] INSERT: click by Алексей Козлов
[01:57:44] INSERT: login by Мария Сидорова
READ check (Last 3 IDs): [722, 721, 720]
[01:57:45] INSERT: error by Мария Сидорова
[01:57:46] INSERT: login by Алексей Козлов
READ check (Last 3 IDs): [724, 723, 722]
[01:57:47] INSERT: login by Алексей Козлов
[01:57:48] INSERT: purchase by Иван Петров
READ check (Last 3 IDs): [726, 725, 724]
[01:57:49] INSERT: click by Алексей Козлов
[01:57:50] INSERT: error by Алексей Козлов
READ check (Last 3 IDs): [728, 727, 726]
[01:57:51] INSERT: logout by Мария Сидорова
[01:57:52] INSERT: click by Алексей Козлов
READ check (Last 3 IDs): [730, 729, 728]
[01:57:53] INSERT: error by Иван Петров
[01:57:54] INSERT: click by Иван Петров
READ check (Last 3 IDs): [732, 731, 730]
[01:57:55] INSERT: login by Иван Петров
[01:57:56] INSERT: logout by Мария Сидорова
READ check (Last 3 IDs): [734, 733, 732]
[01:57:57] INSERT: view_page by Мария Сидорова
[01:57:58] INSERT: login by Алексей Козлов
READ check (Last 3 IDs): [736, 735, 734]
[01:57:59] INSERT: logout by Иван Петров
[01:58:00] INSERT: login by Иван Петров
READ check (Last 3 IDs): [738, 737, 736]
[01:58:01] INSERT: login by Иван Петров
[01:58:02] INSERT: view_page by Мария Сидорова
READ check (Last 3 IDs): [740, 739, 738]
[02:10:04] INSERT: logout by Мария Сидорова
[02:10:05] INSERT: logout by Мария Сидорова
READ check (Last 3 IDs): [742, 741, 740]
[02:10:06] INSERT: purchase by Иван Петров
[02:10:07] INSERT: login by Мария Сидорова
READ check (Last 3 IDs): [744, 743, 742]
[02:10:08] INSERT: logout by Мария Сидорова
[02:10:09] INSERT: click by Иван Петров
READ check (Last 3 IDs): [746, 745, 744]
[02:10:10] INSERT: logout by Иван Петров
[02:10:11] INSERT: logout by Мария Сидорова
READ check (Last 3 IDs): [748, 747, 746]
[02:10:12] INSERT: purchase by Алексей Козлов
[02:10:13] INSERT: logout by Иван Петров
READ check (Last 3 IDs): [750, 749, 748]
[02:10:14] INSERT: view_page by Мария Сидорова
[02:10:15] INSERT: purchase by Иван Петров
READ check (Last 3 IDs): [752, 751, 750]
[02:10:16] INSERT: view_page by Мария Сидорова
[02:10:17] INSERT: click by Алексей Козлов
READ check (Last 3 IDs): [754, 753, 752]
[02:10:18] INSERT: view_page by Иван Петров
[02:10:19] INSERT: logout by Алексей Козлов
READ check (Last 3 IDs): [756, 755, 754]
[02:10:20] INSERT: logout by Алексей Козлов
[02:10:21] INSERT: login by Алексей Козлов
READ check (Last 3 IDs): [758, 757, 756]
[02:10:22] INSERT: view_page by Мария Сидорова
[02:10:23] INSERT: purchase by Алексей Козлов
READ check (Last 3 IDs): [760, 759, 758]
[02:10:24] INSERT: purchase by Мария Сидорова
[02:10:25] INSERT: click by Алексей Козлов
READ check (Last 3 IDs): [762, 761, 760]
[02:10:26] INSERT: click by Мария Сидорова
[02:10:27] INSERT: logout by Алексей Козлов
READ check (Last 3 IDs): [764, 763, 762]
[02:10:28] INSERT: click by Иван Петров
[02:10:29] INSERT: view_page by Иван Петров
READ check (Last 3 IDs): [766, 765, 764]
[02:10:30] INSERT: error by Мария Сидорова
[02:10:32] INSERT: purchase by Иван Петров
READ check (Last 3 IDs): [768, 767, 766]
[02:10:33] INSERT: purchase by Алексей Козлов
[02:10:34] INSERT: view_page by Алексей Козлов
READ check (Last 3 IDs): [770, 769, 768]
[02:10:35] INSERT: view_page by Иван Петров
[02:10:36] INSERT: purchase by Мария Сидорова
READ check (Last 3 IDs): [772, 771, 770]
[02:10:37] INSERT: purchase by Иван Петров
[02:10:38] INSERT: error by Иван Петров
READ check (Last 3 IDs): [774, 773, 772]
[02:10:39] INSERT: error by Иван Петров
[02:10:40] INSERT: purchase by Иван Петров
READ check (Last 3 IDs): [776, 775, 774]
[02:10:41] INSERT: purchase by Иван Петров
[02:10:42] INSERT: login by Иван Петров
READ check (Last 3 IDs): [778, 777, 776]
[02:10:43] INSERT: logout by Мария Сидорова
[02:10:44] INSERT: view_page by Алексей Козлов
READ check (Last 3 IDs): [780, 779, 778]
[02:10:45] INSERT: error by Мария Сидорова
[02:10:46] INSERT: error by Мария Сидорова
READ check (Last 3 IDs): [782, 781, 780]
[02:10:47] INSERT: error by Иван Петров
[02:10:48] INSERT: click by Иван Петров
READ check (Last 3 IDs): [784, 783, 782]
[02:10:49] INSERT: view_page by Алексей Козлов
[02:10:50] INSERT: error by Иван Петров
READ check (Last 3 IDs): [786, 785, 784]
[02:10:51] INSERT: click by Иван Петров
[02:10:52] INSERT: login by Мария Сидорова
READ check (Last 3 IDs): [788, 787, 786]
[02:10:53] INSERT: click by Алексей Козлов
[02:10:54] INSERT: view_page by Мария Сидорова
READ check (Last 3 IDs): [790, 789, 788]
[02:10:55] INSERT: login by Мария Сидорова
[02:10:56] INSERT: click by Иван Петров
READ check (Last 3 IDs): [792, 791, 790]
[02:10:57] INSERT: purchase by Алексей Козлов
[02:10:58] INSERT: purchase by Мария Сидорова
READ check (Last 3 IDs): [794, 793, 792]
[02:10:59] INSERT: click by Иван Петров
[02:11:00] INSERT: login by Мария Сидорова
READ check (Last 3 IDs): [796, 795, 794]
[02:11:01] INSERT: login by Алексей Козлов
[02:11:02] INSERT: error by Иван Петров
READ check (Last 3 IDs): [798, 797, 796]
[02:11:03] INSERT: view_page by Мария Сидорова
[02:11:04] INSERT: logout by Алексей Козлов
READ check (Last 3 IDs): [800, 799, 798]
[02:11:05] INSERT: login by Алексей Козлов
[02:11:06] INSERT: purchase by Мария Сидорова
READ check (Last 3 IDs): [802, 801, 800]
[02:11:07] INSERT: view_page by Иван Петров
[02:11:08] INSERT: view_page by Алексей Козлов
READ check (Last 3 IDs): [804, 803, 802]
[02:11:09] INSERT: error by Алексей Козлов
[02:11:10] INSERT: error by Алексей Козлов
READ check (Last 3 IDs): [806, 805, 804]
[02:11:11] INSERT: view_page by Иван Петров
[02:11:12] INSERT: view_page by Иван Петров
READ check (Last 3 IDs): [808, 807, 806]
[02:11:13] INSERT: view_page by Иван Петров
[02:11:14] INSERT: purchase by Мария Сидорова
READ check (Last 3 IDs): [810, 809, 808]
[02:11:15] INSERT: login by Мария Сидорова
[02:11:16] INSERT: error by Алексей Козлов
READ check (Last 3 IDs): [812, 811, 810]
[02:11:17] INSERT: error by Мария Сидорова
[02:11:18] INSERT: error by Иван Петров
READ check (Last 3 IDs): [814, 813, 812]
[02:11:19] INSERT: login by Иван Петров
[02:11:20] INSERT: logout by Алексей Козлов
READ check (Last 3 IDs): [816, 815, 814]
[02:11:21] INSERT: logout by Иван Петров
[02:11:22] INSERT: click by Иван Петров
READ check (Last 3 IDs): [818, 817, 816]
[02:11:23] INSERT: login by Алексей Козлов
[02:11:24] INSERT: view_page by Иван Петров
READ check (Last 3 IDs): [820, 819, 818]
[02:11:25] INSERT: error by Иван Петров
[02:11:26] INSERT: click by Мария Сидорова
READ check (Last 3 IDs): [822, 821, 820]
[02:11:27] INSERT: view_page by Мария Сидорова
[02:11:28] INSERT: view_page by Иван Петров
READ check (Last 3 IDs): [824, 823, 822]
[02:11:29] INSERT: click by Мария Сидорова
[02:11:30] INSERT: click by Алексей Козлов
READ check (Last 3 IDs): [826, 825, 824]
[02:11:31] INSERT: click by Мария Сидорова
[02:11:32] INSERT: view_page by Алексей Козлов
READ check (Last 3 IDs): [828, 827, 826]
[02:11:33] INSERT: view_page by Мария Сидорова
[02:11:34] INSERT: logout by Алексей Козлов
READ check (Last 3 IDs): [830, 829, 828]
[02:11:36] INSERT: logout by Иван Петров
[02:11:37] INSERT: click by Иван Петров
READ check (Last 3 IDs): [832, 831, 830]
[02:11:38] INSERT: click by Алексей Козлов
[02:11:39] INSERT: error by Алексей Козлов
READ check (Last 3 IDs): [834, 833, 832]
[02:11:40] INSERT: login by Алексей Козлов
[02:11:41] INSERT: click by Иван Петров
READ check (Last 3 IDs): [836, 835, 834]
[02:11:42] INSERT: error by Алексей Козлов
[02:11:43] INSERT: purchase by Мария Сидорова
READ check (Last 3 IDs): [838, 837, 836]
[02:11:44] INSERT: view_page by Мария Сидорова
[02:11:45] INSERT: view_page by Иван Петров
READ check (Last 3 IDs): [840, 839, 838]
[02:11:46] INSERT: error by Иван Петров
[02:11:47] INSERT: purchase by Иван Петров
READ check (Last 3 IDs): [842, 841, 840]
[02:11:48] INSERT: error by Мария Сидорова
[02:11:49] INSERT: click by Алексей Козлов
READ check (Last 3 IDs): [844, 843, 842]
[02:11:50] INSERT: login by Мария Сидорова
[02:11:51] INSERT: login by Мария Сидорова
READ check (Last 3 IDs): [846, 845, 844]
[02:11:52] INSERT: purchase by Иван Петров
[02:11:53] INSERT: logout by Мария Сидорова
READ check (Last 3 IDs): [848, 847, 846]
[02:11:54] INSERT: login by Мария Сидорова
[02:11:55] INSERT: logout by Алексей Козлов
READ check (Last 3 IDs): [850, 849, 848]
[02:11:56] INSERT: view_page by Алексей Козлов
[02:11:57] INSERT: logout by Мария Сидорова
READ check (Last 3 IDs): [852, 851, 850]
[02:11:58] INSERT: logout by Алексей Козлов
[02:11:59] INSERT: purchase by Мария Сидорова
READ check (Last 3 IDs): [854, 853, 852]
[02:12:00] INSERT: purchase by Мария Сидорова
[02:12:01] INSERT: login by Иван Петров
READ check (Last 3 IDs): [856, 855, 854]
[02:12:02] INSERT: view_page by Иван Петров
[02:12:03] INSERT: purchase by Иван Петров
READ check (Last 3 IDs): [858, 857, 856]
[02:12:04] INSERT: purchase by Алексей Козлов
[02:12:05] INSERT: purchase by Алексей Козлов
READ check (Last 3 IDs): [860, 859, 858]
[02:12:06] INSERT: purchase by Иван Петров
[02:12:07] INSERT: click by Мария Сидорова
READ check (Last 3 IDs): [862, 861, 860]
[02:12:08] INSERT: click by Алексей Козлов
[02:12:09] INSERT: purchase by Иван Петров
READ check (Last 3 IDs): [864, 863, 862]
[02:12:10] INSERT: login by Алексей Козлов
[02:12:11] INSERT: click by Мария Сидорова
READ check (Last 3 IDs): [866, 865, 864]
[02:12:12] INSERT: logout by Алексей Козлов
[02:12:13] INSERT: click by Алексей Козлов
READ check (Last 3 IDs): [868, 867, 866]
[02:12:14] INSERT: purchase by Иван Петров
[02:12:15] INSERT: login by Иван Петров
READ check (Last 3 IDs): [870, 869, 868]
[02:12:16] INSERT: error by Иван Петров
[02:12:17] INSERT: login by Алексей Козлов
READ check (Last 3 IDs): [872, 871, 870]
[02:12:18] INSERT: purchase by Мария Сидорова
[02:12:19] INSERT: purchase by Мария Сидорова
READ check (Last 3 IDs): [874, 873, 872]
[02:12:20] INSERT: error by Иван Петров
[02:12:21] INSERT: purchase by Алексей Козлов
READ check (Last 3 IDs): [876, 875, 874]
[02:12:22] INSERT: view_page by Алексей Козлов
[02:12:23] INSERT: error by Алексей Козлов
READ check (Last 3 IDs): [878, 877, 876]
[02:12:24] INSERT: logout by Мария Сидорова
[02:12:25] INSERT: view_page by Мария Сидорова
READ check (Last 3 IDs): [880, 879, 878]
[02:12:26] INSERT: logout by Иван Петров
[02:12:27] INSERT: click by Алексей Козлов
READ check (Last 3 IDs): [882, 881, 880]
[02:12:28] INSERT: login by Иван Петров
[02:12:29] INSERT: view_page by Иван Петров
READ check (Last 3 IDs): [884, 883, 882]
[02:12:30] INSERT: logout by Алексей Козлов
[02:12:31] INSERT: logout by Алексей Козлов
READ check (Last 3 IDs): [886, 885, 884]
[02:12:32] INSERT: click by Иван Петров
[02:12:33] INSERT: purchase by Мария Сидорова
READ check (Last 3 IDs): [888, 887, 886]
[02:12:34] INSERT: error by Алексей Козлов
[02:12:36] INSERT: view_page by Алексей Козлов
READ check (Last 3 IDs): [890, 889, 888]
[02:12:37] INSERT: logout by Мария Сидорова
[02:12:38] INSERT: purchase by Алексей Козлов
READ check (Last 3 IDs): [892, 891, 890]
[02:12:39] INSERT: login by Мария Сидорова
[02:12:40] INSERT: error by Мария Сидорова
READ check (Last 3 IDs): [894, 893, 892]
[02:12:41] INSERT: purchase by Мария Сидорова
[02:12:42] INSERT: error by Мария Сидорова
READ check (Last 3 IDs): [896, 895, 894]
[02:12:43] INSERT: purchase by Иван Петров
[02:12:44] INSERT: login by Алексей Козлов
READ check (Last 3 IDs): [898, 897, 896]
[02:12:45] INSERT: login by Алексей Козлов
[02:12:46] INSERT: view_page by Иван Петров
READ check (Last 3 IDs): [900, 899, 898]
[02:12:47] INSERT: purchase by Мария Сидорова
[02:12:48] INSERT: view_page by Иван Петров
READ check (Last 3 IDs): [902, 901, 900]
[02:12:49] INSERT: logout by Мария Сидорова
[02:12:50] INSERT: login by Иван Петров
READ check (Last 3 IDs): [904, 903, 902]
[02:12:51] INSERT: click by Алексей Козлов
[02:12:52] INSERT: logout by Алексей Козлов
READ check (Last 3 IDs): [906, 905, 904]
[02:12:53] INSERT: login by Алексей Козлов
[02:12:54] INSERT: login by Иван Петров
READ check (Last 3 IDs): [908, 907, 906]
[02:12:55] INSERT: purchase by Мария Сидорова
[02:12:56] INSERT: error by Мария Сидорова
READ check (Last 3 IDs): [910, 909, 908]
[02:12:57] INSERT: click by Иван Петров
[02:12:58] INSERT: error by Иван Петров
READ check (Last 3 IDs): [912, 911, 910]
[02:12:59] INSERT: view_page by Иван Петров
[02:13:00] INSERT: click by Алексей Козлов
READ check (Last 3 IDs): [914, 913, 912]
[02:13:01] INSERT: view_page by Мария Сидорова
[02:13:02] INSERT: login by Алексей Козлов
READ check (Last 3 IDs): [916, 915, 914]
[02:13:03] INSERT: logout by Мария Сидорова
[02:13:04] INSERT: click by Иван Петров
READ check (Last 3 IDs): [918, 917, 916]
[02:13:05] INSERT: view_page by Иван Петров
[02:13:06] INSERT: login by Алексей Козлов
READ check (Last 3 IDs): [920, 919, 918]
[02:13:07] INSERT: click by Мария Сидорова
[02:13:08] INSERT: purchase by Алексей Козлов
READ check (Last 3 IDs): [922, 921, 920]
[02:13:09] INSERT: logout by Иван Петров
[02:13:10] INSERT: purchase by Алексей Козлов
READ check (Last 3 IDs): [924, 923, 922]
[02:13:11] INSERT: login by Иван Петров
[02:13:12] INSERT: error by Алексей Козлов
READ check (Last 3 IDs): [926, 925, 924]
[02:13:13] INSERT: click by Алексей Козлов
[02:13:14] INSERT: click by Мария Сидорова
READ check (Last 3 IDs): [928, 927, 926]
[02:13:15] INSERT: login by Иван Петров
[02:13:16] INSERT: logout by Алексей Козлов
READ check (Last 3 IDs): [930, 929, 928]
[02:13:17] INSERT: view_page by Алексей Козлов
[02:13:18] INSERT: logout by Мария Сидорова
READ check (Last 3 IDs): [932, 931, 930]
[02:13:19] INSERT: purchase by Иван Петров
[02:13:20] INSERT: purchase by Мария Сидорова
READ check (Last 3 IDs): [934, 933, 932]
[02:13:21] INSERT: login by Иван Петров
[02:13:22] INSERT: error by Алексей Козлов
READ check (Last 3 IDs): [936, 935, 934]
[02:13:23] INSERT: login by Алексей Козлов
[02:13:24] INSERT: login by Иван Петров
READ check (Last 3 IDs): [938, 937, 936]
[02:13:25] INSERT: logout by Алексей Козлов
[02:13:26] INSERT: logout by Алексей Козлов
READ check (Last 3 IDs): [940, 939, 938]
[02:13:27] INSERT: view_page by Мария Сидорова
[02:13:28] INSERT: click by Мария Сидорова
READ check (Last 3 IDs): [942, 941, 940]
[02:13:29] INSERT: error by Алексей Козлов
[02:13:30] INSERT: login by Иван Петров
READ check (Last 3 IDs): [944, 943, 942]
[02:13:31] INSERT: view_page by Мария Сидорова
[02:13:32] INSERT: error by Алексей Козлов
READ check (Last 3 IDs): [946, 945, 944]
[02:13:33] INSERT: logout by Алексей Козлов
[02:13:34] INSERT: view_page by Иван Петров
READ check (Last 3 IDs): [948, 947, 946]
[02:13:35] INSERT: error by Мария Сидорова
[02:13:37] INSERT: purchase by Мария Сидорова
READ check (Last 3 IDs): [950, 949, 948]
[02:13:38] INSERT: logout by Мария Сидорова
[02:13:39] INSERT: purchase by Иван Петров
READ check (Last 3 IDs): [952, 951, 950]
[02:13:40] INSERT: click by Мария Сидорова
[02:13:41] INSERT: logout by Алексей Козлов
READ check (Last 3 IDs): [954, 953, 952]
[02:13:42] INSERT: view_page by Мария Сидорова
[02:13:43] INSERT: login by Мария Сидорова
READ check (Last 3 IDs): [956, 955, 954]
[02:13:44] INSERT: login by Иван Петров
[02:13:45] INSERT: login by Мария Сидорова
READ check (Last 3 IDs): [958, 957, 956]
[02:13:46] INSERT: error by Иван Петров
[02:13:47] INSERT: purchase by Иван Петров
READ check (Last 3 IDs): [960, 959, 958]
[02:13:48] INSERT: error by Мария Сидорова
[02:13:49] INSERT: click by Иван Петров
READ check (Last 3 IDs): [962, 961, 960]
[02:13:50] INSERT: error by Мария Сидорова
[02:13:51] INSERT: error by Алексей Козлов
READ check (Last 3 IDs): [964, 963, 962]
[02:13:52] INSERT: click by Алексей Козлов
[02:13:53] INSERT: view_page by Иван Петров
READ check (Last 3 IDs): [966, 965, 964]
[02:13:54] INSERT: purchase by Иван Петров
[02:13:55] INSERT: click by Мария Сидорова
READ check (Last 3 IDs): [968, 967, 966]
[02:13:56] INSERT: view_page by Иван Петров
[02:13:57] INSERT: view_page by Мария Сидорова
READ check (Last 3 IDs): [970, 969, 968]
[02:13:58] INSERT: purchase by Мария Сидорова
[02:13:59] INSERT: login by Иван Петров
READ check (Last 3 IDs): [972, 971, 970]
[02:14:00] INSERT: view_page by Алексей Козлов
[02:14:01] INSERT: login by Мария Сидорова
READ check (Last 3 IDs): [974, 973, 972]
[02:14:02] INSERT: error by Иван Петров
[02:14:03] INSERT: error by Алексей Козлов
READ check (Last 3 IDs): [976, 975, 974]
[02:14:04] INSERT: purchase by Мария Сидорова
[02:14:05] INSERT: login by Алексей Козлов
READ check (Last 3 IDs): [978, 977, 976]
[02:14:06] INSERT: purchase by Иван Петров
[02:14:07] INSERT: click by Алексей Козлов
READ check (Last 3 IDs): [980, 979, 978]
[02:14:08] INSERT: login by Мария Сидорова
[02:14:09] INSERT: click by Иван Петров
READ check (Last 3 IDs): [982, 981, 980]
[02:14:10] INSERT: login by Алексей Козлов
[02:14:11] INSERT: click by Алексей Козлов
READ check (Last 3 IDs): [984, 983, 982]
[02:14:12] INSERT: error by Иван Петров
[02:14:13] INSERT: click by Мария Сидорова
READ check (Last 3 IDs): [986, 985, 984]
[02:14:14] INSERT: view_page by Мария Сидорова
[02:14:15] INSERT: view_page by Алексей Козлов
READ check (Last 3 IDs): [988, 987, 986]
[02:14:16] INSERT: view_page by Мария Сидорова
[02:14:17] INSERT: click by Иван Петров
READ check (Last 3 IDs): [990, 989, 988]
[02:14:18] INSERT: logout by Иван Петров
[02:14:19] INSERT: purchase by Иван Петров
READ check (Last 3 IDs): [992, 991, 990]
[02:14:20] INSERT: view_page by Мария Сидорова
[02:14:21] INSERT: logout by Иван Петров
READ check (Last 3 IDs): [994, 993, 992]
[02:14:22] INSERT: login by Алексей Козлов
[02:14:23] INSERT: error by Мария Сидорова
READ check (Last 3 IDs): [996, 995, 994]
[02:14:24] INSERT: logout by Алексей Козлов
[02:14:25] INSERT: click by Мария Сидорова
READ check (Last 3 IDs): [998, 997, 996]
[02:14:26] INSERT: click by Алексей Козлов
[02:14:27] INSERT: purchase by Мария Сидорова
READ check (Last 3 IDs): [1000, 999, 998]
[02:14:28] INSERT: purchase by Иван Петров
[02:14:29] INSERT: purchase by Алексей Козлов
READ check (Last 3 IDs): [1002, 1001, 1000]
[02:14:30] INSERT: error by Иван Петров
[02:14:31] INSERT: view_page by Иван Петров
READ check (Last 3 IDs): [1004, 1003, 1002]
[02:14:32] INSERT: click by Мария Сидорова
[02:14:33] INSERT: view_page by Мария Сидорова
READ check (Last 3 IDs): [1006, 1005, 1004]
[02:14:34] INSERT: logout by Иван Петров
[02:14:35] INSERT: login by Алексей Козлов
READ check (Last 3 IDs): [1008, 1007, 1006]
[02:14:37] INSERT: view_page by Алексей Козлов
[02:14:38] INSERT: error by Иван Петров
READ check (Last 3 IDs): [1010, 1009, 1008]
[02:14:39] INSERT: click by Мария Сидорова
[02:14:40] INSERT: login by Иван Петров
READ check (Last 3 IDs): [1012, 1011, 1010]
[02:14:41] INSERT: click by Иван Петров
[02:14:42] INSERT: purchase by Иван Петров
READ check (Last 3 IDs): [1014, 1013, 1012]
[02:14:43] INSERT: click by Иван Петров
[02:14:44] INSERT: purchase by Мария Сидорова
READ check (Last 3 IDs): [1016, 1015, 1014]
[02:14:45] INSERT: click by Иван Петров
[02:14:46] INSERT: error by Иван Петров
READ check (Last 3 IDs): [1018, 1017, 1016]
[02:14:47] INSERT: login by Мария Сидорова
[02:14:48] INSERT: view_page by Иван Петров
READ check (Last 3 IDs): [1020, 1019, 1018]
[02:14:49] INSERT: purchase by Алексей Козлов
[02:14:50] INSERT: view_page by Мария Сидорова
READ check (Last 3 IDs): [1022, 1021, 1020]
[02:14:51] INSERT: purchase by Алексей Козлов
[02:14:52] INSERT: purchase by Иван Петров
READ check (Last 3 IDs): [1024, 1023, 1022]
[02:14:53] INSERT: error by Иван Петров
[02:14:54] INSERT: view_page by Мария Сидорова
READ check (Last 3 IDs): [1026, 1025, 1024]
[02:14:55] INSERT: error by Мария Сидорова
[02:14:56] INSERT: logout by Иван Петров
READ check (Last 3 IDs): [1028, 1027, 1026]
[02:14:57] INSERT: error by Иван Петров
[02:14:58] INSERT: logout by Иван Петров
READ check (Last 3 IDs): [1030, 1029, 1028]
[02:14:59] INSERT: logout by Алексей Козлов
[02:15:00] INSERT: click by Мария Сидорова
READ check (Last 3 IDs): [1032, 1031, 1030]
[02:15:01] INSERT: click by Алексей Козлов
[02:15:02] INSERT: purchase by Иван Петров
READ check (Last 3 IDs): [1034, 1033, 1032]
[02:15:03] INSERT: login by Алексей Козлов
[02:15:04] INSERT: view_page by Мария Сидорова
READ check (Last 3 IDs): [1036, 1035, 1034]
[02:15:05] INSERT: logout by Мария Сидорова
[02:15:06] INSERT: login by Иван Петров
READ check (Last 3 IDs): [1038, 1037, 1036]
[02:15:07] INSERT: click by Алексей Козлов
[02:15:08] INSERT: login by Алексей Козлов
READ check (Last 3 IDs): [1040, 1039, 1038]
[02:15:09] INSERT: purchase by Мария Сидорова
[02:15:10] INSERT: error by Иван Петров
READ check (Last 3 IDs): [1042, 1041, 1040]
[02:15:11] INSERT: error by Иван Петров
[02:15:12] INSERT: view_page by Алексей Козлов
READ check (Last 3 IDs): [1044, 1043, 1042]
[02:15:13] INSERT: logout by Алексей Козлов
[02:15:14] INSERT: view_page by Иван Петров
READ check (Last 3 IDs): [1046, 1045, 1044]
[02:15:15] INSERT: purchase by Иван Петров
[02:15:16] INSERT: logout by Иван Петров
READ check (Last 3 IDs): [1048, 1047, 1046]
[02:15:17] INSERT: error by Алексей Козлов
[02:15:18] INSERT: purchase by Иван Петров
READ check (Last 3 IDs): [1050, 1049, 1048]
[02:15:19] INSERT: purchase by Мария Сидорова
[02:15:20] INSERT: login by Мария Сидорова
READ check (Last 3 IDs): [1052, 1051, 1050]
[02:15:21] INSERT: click by Алексей Козлов
[02:15:22] INSERT: click by Мария Сидорова
READ check (Last 3 IDs): [1054, 1053, 1052]
[02:15:23] INSERT: error by Алексей Козлов
[02:15:24] INSERT: error by Алексей Козлов
READ check (Last 3 IDs): [1056, 1055, 1054]
[02:15:25] INSERT: logout by Алексей Козлов
[02:15:26] INSERT: purchase by Мария Сидорова
READ check (Last 3 IDs): [1058, 1057, 1056]
[02:15:27] INSERT: error by Иван Петров
[02:15:28] INSERT: login by Алексей Козлов
READ check (Last 3 IDs): [1060, 1059, 1058]
[02:15:29] INSERT: logout by Мария Сидорова
[02:15:30] INSERT: logout by Алексей Козлов
READ check (Last 3 IDs): [1062, 1061, 1060]
[02:15:31] INSERT: purchase by Алексей Козлов
[02:15:32] INSERT: logout by Алексей Козлов
READ check (Last 3 IDs): [1064, 1063, 1062]
[02:15:33] INSERT: purchase by Иван Петров
[02:15:34] INSERT: login by Мария Сидорова
READ check (Last 3 IDs): [1066, 1065, 1064]
[02:15:35] INSERT: click by Алексей Козлов
[02:15:36] INSERT: error by Алексей Козлов
READ check (Last 3 IDs): [1068, 1067, 1066]
[02:15:38] INSERT: logout by Алексей Козлов
[02:15:39] INSERT: logout by Алексей Козлов
READ check (Last 3 IDs): [1070, 1069, 1068]
[02:15:40] INSERT: logout by Иван Петров
[02:15:41] INSERT: view_page by Алексей Козлов
READ check (Last 3 IDs): [1072, 1071, 1070]
[02:15:42] INSERT: login by Алексей Козлов
[02:15:43] INSERT: error by Иван Петров
READ check (Last 3 IDs): [1074, 1073, 1072]
[02:15:44] INSERT: logout by Мария Сидорова
[02:15:45] INSERT: login by Алексей Козлов
READ check (Last 3 IDs): [1076, 1075, 1074]
[02:15:46] INSERT: purchase by Иван Петров
[02:15:47] INSERT: purchase by Иван Петров
READ check (Last 3 IDs): [1078, 1077, 1076]
[02:15:48] INSERT: click by Иван Петров
[02:15:49] INSERT: logout by Мария Сидорова
READ check (Last 3 IDs): [1080, 1079, 1078]
[02:15:50] INSERT: login by Иван Петров
[02:15:51] INSERT: click by Алексей Козлов
READ check (Last 3 IDs): [1082, 1081, 1080]
[02:15:52] INSERT: purchase by Мария Сидорова
[02:15:53] INSERT: click by Мария Сидорова
READ check (Last 3 IDs): [1084, 1083, 1082]
[02:15:54] INSERT: purchase by Мария Сидорова
[02:15:55] INSERT: click by Мария Сидорова
READ check (Last 3 IDs): [1086, 1085, 1084]
[02:15:56] INSERT: logout by Мария Сидорова
[02:15:57] INSERT: login by Алексей Козлов
READ check (Last 3 IDs): [1088, 1087, 1086]
[02:15:58] INSERT: click by Иван Петров
[02:15:59] INSERT: login by Иван Петров
READ check (Last 3 IDs): [1090, 1089, 1088]
[02:16:00] INSERT: error by Алексей Козлов
[02:16:01] INSERT: error by Алексей Козлов
READ check (Last 3 IDs): [1092, 1091, 1090]
[02:16:02] INSERT: login by Мария Сидорова
[02:16:03] INSERT: click by Алексей Козлов
READ check (Last 3 IDs): [1094, 1093, 1092]
[02:16:04] INSERT: error by Алексей Козлов
[02:16:05] INSERT: purchase by Иван Петров
READ check (Last 3 IDs): [1096, 1095, 1094]
[02:16:06] INSERT: error by Мария Сидорова
[02:16:07] INSERT: error by Мария Сидорова
READ check (Last 3 IDs): [1098, 1097, 1096]
[02:16:08] INSERT: view_page by Мария Сидорова
[02:16:09] INSERT: logout by Иван Петров
READ check (Last 3 IDs): [1100, 1099, 1098]
[02:16:10] INSERT: logout by Алексей Козлов
[02:16:11] INSERT: login by Иван Петров
READ check (Last 3 IDs): [1102, 1101, 1100]
[02:16:12] INSERT: purchase by Мария Сидорова
[02:16:13] INSERT: view_page by Иван Петров
READ check (Last 3 IDs): [1104, 1103, 1102]
[02:16:14] INSERT: purchase by Мария Сидорова
[02:16:15] INSERT: click by Иван Петров
READ check (Last 3 IDs): [1106, 1105, 1104]
[02:16:16] INSERT: click by Мария Сидорова
[02:16:17] INSERT: logout by Алексей Козлов
READ check (Last 3 IDs): [1108, 1107, 1106]
[02:16:18] INSERT: purchase by Алексей Козлов
[02:16:19] INSERT: error by Алексей Козлов
READ check (Last 3 IDs): [1110, 1109, 1108]
[02:16:20] INSERT: purchase by Мария Сидорова
[02:16:21] INSERT: view_page by Иван Петров
READ check (Last 3 IDs): [1112, 1111, 1110]
[02:16:22] INSERT: error by Алексей Козлов
[02:16:23] INSERT: click by Иван Петров
READ check (Last 3 IDs): [1114, 1113, 1112]
[02:16:24] INSERT: view_page by Алексей Козлов
[02:16:25] INSERT: view_page by Иван Петров
READ check (Last 3 IDs): [1116, 1115, 1114]
[02:16:26] INSERT: view_page by Алексей Козлов
[02:16:27] INSERT: error by Мария Сидорова
READ check (Last 3 IDs): [1118, 1117, 1116]
[02:16:28] INSERT: view_page by Мария Сидорова
[02:16:29] INSERT: login by Алексей Козлов
READ check (Last 3 IDs): [1120, 1119, 1118]
[02:16:30] INSERT: purchase by Мария Сидорова
[02:16:31] INSERT: error by Алексей Козлов
READ check (Last 3 IDs): [1122, 1121, 1120]
[02:16:32] INSERT: error by Иван Петров
[02:16:33] INSERT: purchase by Иван Петров
READ check (Last 3 IDs): [1124, 1123, 1122]
[02:16:34] INSERT: view_page by Алексей Козлов
[02:16:35] INSERT: login by Иван Петров
READ check (Last 3 IDs): [1126, 1125, 1124]
[02:16:36] INSERT: view_page by Алексей Козлов
[02:16:38] INSERT: logout by Иван Петров
READ check (Last 3 IDs): [1128, 1127, 1126]
[02:16:39] INSERT: view_page by Мария Сидорова
[02:16:40] INSERT: login by Алексей Козлов
READ check (Last 3 IDs): [1130, 1129, 1128]
[02:16:41] INSERT: login by Алексей Козлов
[02:16:42] INSERT: login by Иван Петров
READ check (Last 3 IDs): [1132, 1131, 1130]
[02:16:43] INSERT: purchase by Алексей Козлов
[02:16:44] INSERT: view_page by Иван Петров
READ check (Last 3 IDs): [1134, 1133, 1132]
[02:16:45] INSERT: purchase by Алексей Козлов
[02:16:46] INSERT: login by Алексей Козлов
READ check (Last 3 IDs): [1136, 1135, 1134]
[02:16:47] INSERT: view_page by Мария Сидорова
[02:16:48] INSERT: purchase by Мария Сидорова
READ check (Last 3 IDs): [1138, 1137, 1136]
[02:16:49] INSERT: login by Мария Сидорова
[02:16:50] INSERT: logout by Алексей Козлов
READ check (Last 3 IDs): [1140, 1139, 1138]
[02:16:51] INSERT: logout by Алексей Козлов
[02:16:52] INSERT: click by Алексей Козлов
READ check (Last 3 IDs): [1142, 1141, 1140]
[02:16:53] INSERT: logout by Иван Петров
[02:16:54] INSERT: error by Иван Петров
READ check (Last 3 IDs): [1144, 1143, 1142]
[02:16:55] INSERT: logout by Мария Сидорова
[02:16:56] INSERT: error by Мария Сидорова
READ check (Last 3 IDs): [1146, 1145, 1144]
[02:16:57] INSERT: login by Алексей Козлов
[02:16:58] INSERT: logout by Алексей Козлов
READ check (Last 3 IDs): [1148, 1147, 1146]
[02:16:59] INSERT: error by Иван Петров
[02:17:00] INSERT: logout by Алексей Козлов
READ check (Last 3 IDs): [1150, 1149, 1148]
[02:17:01] INSERT: click by Мария Сидорова
[02:17:02] INSERT: logout by Алексей Козлов
READ check (Last 3 IDs): [1152, 1151, 1150]
[02:17:03] INSERT: click by Иван Петров
[02:17:04] INSERT: purchase by Мария Сидорова
READ check (Last 3 IDs): [1154, 1153, 1152]
[02:17:05] INSERT: purchase by Алексей Козлов
[02:17:06] INSERT: view_page by Алексей Козлов
READ check (Last 3 IDs): [1156, 1155, 1154]
[02:17:07] INSERT: error by Иван Петров
[02:17:08] INSERT: view_page by Алексей Козлов
READ check (Last 3 IDs): [1158, 1157, 1156]
[02:17:09] INSERT: error by Мария Сидорова
[02:17:10] INSERT: click by Иван Петров
READ check (Last 3 IDs): [1160, 1159, 1158]
[02:17:11] INSERT: view_page by Алексей Козлов
[02:17:12] INSERT: error by Мария Сидорова
READ check (Last 3 IDs): [1162, 1161, 1160]
[02:17:13] INSERT: purchase by Мария Сидорова
[02:17:14] INSERT: purchase by Мария Сидорова
READ check (Last 3 IDs): [1164, 1163, 1162]
[02:17:15] INSERT: error by Алексей Козлов
[02:17:16] INSERT: login by Алексей Козлов
READ check (Last 3 IDs): [1166, 1165, 1164]
[02:17:17] INSERT: error by Алексей Козлов
[02:17:18] INSERT: logout by Иван Петров
READ check (Last 3 IDs): [1168, 1167, 1166]
[02:17:19] INSERT: login by Иван Петров
[02:17:20] INSERT: view_page by Иван Петров
READ check (Last 3 IDs): [1170, 1169, 1168]
[02:17:21] INSERT: view_page by Мария Сидорова
[02:17:22] INSERT: error by Алексей Козлов
READ check (Last 3 IDs): [1172, 1171, 1170]
[02:17:23] INSERT: view_page by Алексей Козлов
[02:17:24] INSERT: login by Мария Сидорова
READ check (Last 3 IDs): [1174, 1173, 1172]
[02:17:25] INSERT: logout by Мария Сидорова
[02:17:26] INSERT: error by Мария Сидорова
READ check (Last 3 IDs): [1176, 1175, 1174]
[02:17:27] INSERT: error by Алексей Козлов
[02:17:28] INSERT: login by Иван Петров
READ check (Last 3 IDs): [1178, 1177, 1176]
[02:17:29] INSERT: purchase by Алексей Козлов
[02:17:30] INSERT: login by Алексей Козлов
READ check (Last 3 IDs): [1180, 1179, 1178]
[02:17:31] INSERT: purchase by Мария Сидорова
[02:17:32] INSERT: logout by Алексей Козлов
READ check (Last 3 IDs): [1182, 1181, 1180]
[02:17:33] INSERT: view_page by Иван Петров
[02:17:34] INSERT: purchase by Алексей Козлов
READ check (Last 3 IDs): [1184, 1183, 1182]
[02:17:35] INSERT: logout by Мария Сидорова
[02:17:36] INSERT: purchase by Алексей Козлов
READ check (Last 3 IDs): [1186, 1185, 1184]
[02:17:37] INSERT: login by Иван Петров
[02:17:38] INSERT: view_page by Иван Петров
READ check (Last 3 IDs): [1188, 1187, 1186]
[02:17:39] INSERT: logout by Мария Сидорова
[02:17:40] INSERT: error by Мария Сидорова
READ check (Last 3 IDs): [1190, 1189, 1188]
[02:17:42] INSERT: logout by Мария Сидорова
[02:17:43] INSERT: purchase by Мария Сидорова
READ check (Last 3 IDs): [1192, 1191, 1190]
[02:17:44] INSERT: login by Алексей Козлов
[02:17:45] INSERT: purchase by Алексей Козлов
READ check (Last 3 IDs): [1194, 1193, 1192]
[02:17:46] INSERT: click by Иван Петров
[02:17:47] INSERT: purchase by Мария Сидорова
READ check (Last 3 IDs): [1196, 1195, 1194]
[02:17:48] INSERT: login by Мария Сидорова
[02:17:49] INSERT: view_page by Мария Сидорова
READ check (Last 3 IDs): [1198, 1197, 1196]
[02:17:50] INSERT: error by Иван Петров
[02:17:51] INSERT: click by Мария Сидорова
READ check (Last 3 IDs): [1200, 1199, 1198]
[02:17:52] INSERT: logout by Алексей Козлов
[02:17:53] INSERT: view_page by Алексей Козлов
READ check (Last 3 IDs): [1202, 1201, 1200]
[02:17:54] INSERT: logout by Мария Сидорова
[02:17:55] INSERT: error by Иван Петров
READ check (Last 3 IDs): [1204, 1203, 1202]
[02:17:56] INSERT: view_page by Алексей Козлов
[02:17:57] INSERT: purchase by Мария Сидорова
READ check (Last 3 IDs): [1206, 1205, 1204]
[02:17:58] INSERT: purchase by Алексей Козлов
[02:17:59] INSERT: view_page by Алексей Козлов
READ check (Last 3 IDs): [1208, 1207, 1206]
[02:18:00] INSERT: click by Алексей Козлов
[02:18:01] INSERT: logout by Иван Петров
READ check (Last 3 IDs): [1210, 1209, 1208]
[02:18:02] INSERT: logout by Мария Сидорова
[02:18:03] INSERT: purchase by Алексей Козлов
READ check (Last 3 IDs): [1212, 1211, 1210]
[02:18:04] INSERT: login by Мария Сидорова
[02:18:05] INSERT: click by Алексей Козлов
READ check (Last 3 IDs): [1214, 1213, 1212]
[02:18:06] INSERT: view_page by Алексей Козлов
[02:18:07] INSERT: logout by Иван Петров
READ check (Last 3 IDs): [1216, 1215, 1214]
[02:18:08] INSERT: view_page by Мария Сидорова
[02:18:09] INSERT: purchase by Мария Сидорова
READ check (Last 3 IDs): [1218, 1217, 1216]
[02:18:10] INSERT: purchase by Алексей Козлов
[02:18:11] INSERT: error by Мария Сидорова
READ check (Last 3 IDs): [1220, 1219, 1218]
[02:18:12] INSERT: purchase by Алексей Козлов
[02:18:13] INSERT: view_page by Мария Сидорова
READ check (Last 3 IDs): [1222, 1221, 1220]
[02:18:14] INSERT: view_page by Мария Сидорова
[02:18:15] INSERT: purchase by Алексей Козлов
READ check (Last 3 IDs): [1224, 1223, 1222]
[02:18:16] INSERT: login by Алексей Козлов
[02:18:17] INSERT: logout by Алексей Козлов
READ check (Last 3 IDs): [1226, 1225, 1224]
[02:18:18] INSERT: error by Алексей Козлов
[02:18:19] INSERT: logout by Алексей Козлов
READ check (Last 3 IDs): [1228, 1227, 1226]
[02:18:20] INSERT: login by Иван Петров
[02:18:21] INSERT: error by Алексей Козлов
READ check (Last 3 IDs): [1230, 1229, 1228]
[02:18:22] INSERT: logout by Алексей Козлов
[02:18:23] INSERT: error by Алексей Козлов
READ check (Last 3 IDs): [1232, 1231, 1230]
[02:18:24] INSERT: login by Мария Сидорова
[02:18:25] INSERT: purchase by Иван Петров
READ check (Last 3 IDs): [1234, 1233, 1232]
[02:18:26] INSERT: login by Алексей Козлов
[02:18:27] INSERT: logout by Алексей Козлов
READ check (Last 3 IDs): [1236, 1235, 1234]
[02:18:28] INSERT: purchase by Алексей Козлов
[02:18:29] INSERT: login by Мария Сидорова
READ check (Last 3 IDs): [1238, 1237, 1236]
[02:18:30] INSERT: error by Иван Петров
[02:18:31] INSERT: click by Мария Сидорова
READ check (Last 3 IDs): [1240, 1239, 1238]
[02:18:32] INSERT: error by Иван Петров
[02:18:33] INSERT: login by Иван Петров
READ check (Last 3 IDs): [1242, 1241, 1240]
[02:18:34] INSERT: login by Алексей Козлов
[02:18:35] INSERT: login by Мария Сидорова
READ check (Last 3 IDs): [1244, 1243, 1242]
[02:18:36] INSERT: login by Иван Петров
[02:18:37] INSERT: logout by Мария Сидорова
READ check (Last 3 IDs): [1246, 1245, 1244]
[02:18:38] INSERT: purchase by Алексей Козлов
[02:18:39] INSERT: logout by Мария Сидорова
READ check (Last 3 IDs): [1248, 1247, 1246]
[02:18:40] INSERT: error by Иван Петров
[02:18:41] INSERT: view_page by Иван Петров
READ check (Last 3 IDs): [1250, 1249, 1248]
[02:18:42] INSERT: error by Алексей Козлов
[02:18:43] INSERT: view_page by Мария Сидорова
READ check (Last 3 IDs): [1252, 1251, 1250]
[02:18:44] INSERT: logout by Алексей Козлов
[02:18:46] INSERT: purchase by Иван Петров
READ check (Last 3 IDs): [1254, 1253, 1252]
[02:18:47] INSERT: view_page by Алексей Козлов
[02:18:48] INSERT: error by Мария Сидорова
READ check (Last 3 IDs): [1256, 1255, 1254]
[02:18:49] INSERT: purchase by Иван Петров
[02:18:50] INSERT: purchase by Иван Петров
READ check (Last 3 IDs): [1258, 1257, 1256]
[02:18:51] INSERT: logout by Алексей Козлов
[02:18:52] INSERT: click by Мария Сидорова
READ check (Last 3 IDs): [1260, 1259, 1258]
[02:18:53] INSERT: logout by Мария Сидорова
[02:18:54] INSERT: logout by Алексей Козлов
READ check (Last 3 IDs): [1262, 1261, 1260]
[02:18:55] INSERT: purchase by Мария Сидорова
[02:18:56] INSERT: view_page by Мария Сидорова
READ check (Last 3 IDs): [1264, 1263, 1262]
[02:18:57] INSERT: logout by Алексей Козлов
[02:18:58] INSERT: view_page by Иван Петров
READ check (Last 3 IDs): [1266, 1265, 1264]
[02:18:59] INSERT: login by Иван Петров
[02:19:00] INSERT: click by Мария Сидорова
READ check (Last 3 IDs): [1268, 1267, 1266]
[02:19:01] INSERT: logout by Иван Петров
[02:19:02] INSERT: view_page by Мария Сидорова
READ check (Last 3 IDs): [1270, 1269, 1268]
[02:19:03] INSERT: click by Алексей Козлов
[02:19:04] INSERT: error by Иван Петров
READ check (Last 3 IDs): [1272, 1271, 1270]
[02:19:05] INSERT: login by Мария Сидорова
[02:19:06] INSERT: error by Алексей Козлов
READ check (Last 3 IDs): [1274, 1273, 1272]
[02:19:07] INSERT: click by Алексей Козлов
[02:19:08] INSERT: logout by Мария Сидорова
READ check (Last 3 IDs): [1276, 1275, 1274]
[02:19:09] INSERT: click by Мария Сидорова
[02:19:10] INSERT: purchase by Мария Сидорова
READ check (Last 3 IDs): [1278, 1277, 1276]
[02:19:11] INSERT: view_page by Иван Петров
[02:19:12] INSERT: error by Иван Петров
READ check (Last 3 IDs): [1280, 1279, 1278]
[02:19:13] INSERT: view_page by Иван Петров
[02:19:14] INSERT: view_page by Мария Сидорова
READ check (Last 3 IDs): [1282, 1281, 1280]
[02:19:15] INSERT: view_page by Алексей Козлов
[02:19:16] INSERT: view_page by Иван Петров
READ check (Last 3 IDs): [1284, 1283, 1282]
[02:19:17] INSERT: logout by Иван Петров
[02:19:18] INSERT: click by Алексей Козлов
READ check (Last 3 IDs): [1286, 1285, 1284]
[02:19:19] INSERT: click by Алексей Козлов
[02:19:20] INSERT: click by Алексей Козлов
READ check (Last 3 IDs): [1288, 1287, 1286]
[02:19:21] INSERT: error by Мария Сидорова
[02:19:22] INSERT: login by Алексей Козлов
READ check (Last 3 IDs): [1290, 1289, 1288]
[02:19:23] INSERT: purchase by Алексей Козлов
[02:19:24] INSERT: error by Иван Петров
READ check (Last 3 IDs): [1292, 1291, 1290]
[02:19:25] INSERT: logout by Мария Сидорова
[02:19:26] INSERT: view_page by Мария Сидорова
READ check (Last 3 IDs): [1294, 1293, 1292]
[02:19:27] INSERT: view_page by Алексей Козлов
[02:19:28] INSERT: view_page by Мария Сидорова
READ check (Last 3 IDs): [1296, 1295, 1294]
[02:19:29] INSERT: click by Мария Сидорова
[02:19:30] INSERT: purchase by Мария Сидорова
READ check (Last 3 IDs): [1298, 1297, 1296]
[02:19:31] INSERT: error by Мария Сидорова
[02:19:32] INSERT: click by Иван Петров
READ check (Last 3 IDs): [1300, 1299, 1298]
[02:19:33] INSERT: view_page by Иван Петров
[02:19:34] INSERT: click by Иван Петров
READ check (Last 3 IDs): [1302, 1301, 1300]
[02:19:35] INSERT: error by Иван Петров
[02:19:36] INSERT: error by Мария Сидорова
READ check (Last 3 IDs): [1304, 1303, 1302]
[02:19:37] INSERT: view_page by Алексей Козлов
[02:19:38] INSERT: login by Мария Сидорова
READ check (Last 3 IDs): [1306, 1305, 1304]
[02:19:39] INSERT: login by Иван Петров
[02:19:40] INSERT: login by Мария Сидорова
READ check (Last 3 IDs): [1308, 1307, 1306]
[02:19:41] INSERT: click by Алексей Козлов
[02:19:42] INSERT: login by Мария Сидорова
READ check (Last 3 IDs): [1310, 1309, 1308]
[02:19:43] INSERT: purchase by Мария Сидорова
[02:19:44] INSERT: click by Алексей Козлов
READ check (Last 3 IDs): [1312, 1311, 1310]
[02:19:45] INSERT: error by Иван Петров
[02:19:46] INSERT: login by Алексей Козлов
READ check (Last 3 IDs): [1314, 1313, 1312]
[02:19:48] INSERT: view_page by Иван Петров
[02:19:49] INSERT: purchase by Алексей Козлов
READ check (Last 3 IDs): [1316, 1315, 1314]
[02:19:50] INSERT: view_page by Алексей Козлов
[02:19:51] INSERT: login by Мария Сидорова
READ check (Last 3 IDs): [1318, 1317, 1316]
[02:19:52] INSERT: error by Алексей Козлов
[02:19:53] INSERT: login by Иван Петров
READ check (Last 3 IDs): [1320, 1319, 1318]
[02:19:54] INSERT: login by Алексей Козлов
[02:19:55] INSERT: click by Мария Сидорова
READ check (Last 3 IDs): [1322, 1321, 1320]
[02:19:56] INSERT: login by Иван Петров
[02:19:57] INSERT: logout by Иван Петров
READ check (Last 3 IDs): [1324, 1323, 1322]
[02:19:58] INSERT: view_page by Иван Петров
[02:19:59] INSERT: logout by Иван Петров
READ check (Last 3 IDs): [1326, 1325, 1324]
[02:20:00] INSERT: click by Алексей Козлов
[02:20:01] INSERT: error by Иван Петров
READ check (Last 3 IDs): [1328, 1327, 1326]
[02:20:02] INSERT: login by Мария Сидорова
[02:20:03] INSERT: error by Мария Сидорова
READ check (Last 3 IDs): [1330, 1329, 1328]
[02:20:04] INSERT: error by Иван Петров
[02:20:05] INSERT: login by Алексей Козлов
READ check (Last 3 IDs): [1332, 1331, 1330]
[02:20:06] INSERT: purchase by Алексей Козлов
[02:20:07] INSERT: login by Алексей Козлов
READ check (Last 3 IDs): [1334, 1333, 1332]
[02:20:08] INSERT: login by Иван Петров
[02:20:09] INSERT: logout by Алексей Козлов
READ check (Last 3 IDs): [1336, 1335, 1334]
[02:20:10] INSERT: error by Мария Сидорова
[02:20:11] INSERT: login by Иван Петров
READ check (Last 3 IDs): [1338, 1337, 1336]
[02:20:12] INSERT: error by Мария Сидорова
[02:20:13] INSERT: login by Мария Сидорова
READ check (Last 3 IDs): [1340, 1339, 1338]
[02:20:14] INSERT: click by Алексей Козлов
[02:20:15] INSERT: login by Мария Сидорова
READ check (Last 3 IDs): [1342, 1341, 1340]
[02:20:16] INSERT: view_page by Иван Петров
[02:20:17] INSERT: logout by Мария Сидорова
READ check (Last 3 IDs): [1344, 1343, 1342]
[02:20:18] INSERT: logout by Алексей Козлов
[02:20:19] INSERT: login by Иван Петров
READ check (Last 3 IDs): [1346, 1345, 1344]
[02:20:20] INSERT: error by Иван Петров
[02:20:21] INSERT: login by Алексей Козлов
READ check (Last 3 IDs): [1348, 1347, 1346]
[02:20:22] INSERT: logout by Мария Сидорова
[02:20:23] INSERT: error by Иван Петров
READ check (Last 3 IDs): [1350, 1349, 1348]
[02:20:24] INSERT: view_page by Алексей Козлов
[02:20:25] INSERT: click by Алексей Козлов
READ check (Last 3 IDs): [1352, 1351, 1350]
[02:20:26] INSERT: logout by Мария Сидорова
[02:20:27] INSERT: view_page by Алексей Козлов
READ check (Last 3 IDs): [1354, 1353, 1352]
[02:20:28] INSERT: view_page by Иван Петров
[02:20:29] INSERT: logout by Алексей Козлов
READ check (Last 3 IDs): [1356, 1355, 1354]
[02:20:30] INSERT: click by Иван Петров
[02:20:31] INSERT: login by Иван Петров
READ check (Last 3 IDs): [1358, 1357, 1356]
[02:20:32] INSERT: view_page by Мария Сидорова
[02:20:33] INSERT: click by Алексей Козлов
READ check (Last 3 IDs): [1360, 1359, 1358]
[02:20:34] INSERT: login by Иван Петров
[02:20:35] INSERT: login by Иван Петров
READ check (Last 3 IDs): [1362, 1361, 1360]
[02:20:36] INSERT: error by Иван Петров
[02:20:37] INSERT: view_page by Мария Сидорова
READ check (Last 3 IDs): [1364, 1363, 1362]
[02:20:38] INSERT: error by Иван Петров
[02:20:39] INSERT: purchase by Иван Петров
READ check (Last 3 IDs): [1366, 1365, 1364]
[02:20:40] INSERT: login by Иван Петров
[02:20:41] INSERT: view_page by Мария Сидорова
READ check (Last 3 IDs): [1368, 1367, 1366]
[02:20:42] INSERT: view_page by Алексей Козлов
[02:20:43] INSERT: logout by Мария Сидорова
READ check (Last 3 IDs): [1370, 1369, 1368]
[02:20:44] INSERT: purchase by Алексей Козлов
[02:20:45] INSERT: click by Иван Петров
READ check (Last 3 IDs): [1372, 1371, 1370]
[02:20:46] INSERT: view_page by Иван Петров
[02:20:47] INSERT: purchase by Мария Сидорова
READ check (Last 3 IDs): [1374, 1373, 1372]
[02:20:48] INSERT: login by Алексей Козлов
[02:20:49] INSERT: view_page by Иван Петров
READ check (Last 3 IDs): [1376, 1375, 1374]
[02:20:50] INSERT: login by Иван Петров
[02:20:52] INSERT: login by Алексей Козлов
READ check (Last 3 IDs): [1378, 1377, 1376]
[02:20:53] INSERT: error by Мария Сидорова
[02:20:54] INSERT: logout by Иван Петров
READ check (Last 3 IDs): [1380, 1379, 1378]
[02:20:55] INSERT: purchase by Алексей Козлов
[02:20:56] INSERT: error by Алексей Козлов
READ check (Last 3 IDs): [1382, 1381, 1380]
[02:20:57] INSERT: error by Иван Петров
[02:20:58] INSERT: logout by Алексей Козлов
READ check (Last 3 IDs): [1384, 1383, 1382]
[02:20:59] INSERT: click by Иван Петров
[02:21:00] INSERT: login by Алексей Козлов
READ check (Last 3 IDs): [1386, 1385, 1384]
[02:21:01] INSERT: error by Алексей Козлов
[02:21:02] INSERT: purchase by Иван Петров
READ check (Last 3 IDs): [1388, 1387, 1386]
[02:21:03] INSERT: purchase by Мария Сидорова
[02:21:04] INSERT: view_page by Иван Петров
READ check (Last 3 IDs): [1390, 1389, 1388]
[02:21:05] INSERT: logout by Иван Петров
[02:21:06] INSERT: logout by Алексей Козлов
READ check (Last 3 IDs): [1392, 1391, 1390]
[02:21:07] INSERT: logout by Мария Сидорова
[02:21:08] INSERT: logout by Мария Сидорова
READ check (Last 3 IDs): [1394, 1393, 1392]
[02:21:09] INSERT: login by Мария Сидорова
[02:21:10] INSERT: click by Иван Петров
READ check (Last 3 IDs): [1396, 1395, 1394]
[02:21:11] INSERT: purchase by Мария Сидорова
[02:21:12] INSERT: view_page by Алексей Козлов
READ check (Last 3 IDs): [1398, 1397, 1396]
[02:21:13] INSERT: click by Иван Петров
[02:21:14] INSERT: view_page by Алексей Козлов
READ check (Last 3 IDs): [1400, 1399, 1398]
[02:21:15] INSERT: error by Мария Сидорова
[02:21:16] INSERT: view_page by Мария Сидорова
READ check (Last 3 IDs): [1402, 1401, 1400]
[02:21:17] INSERT: login by Мария Сидорова
[02:21:18] INSERT: view_page by Мария Сидорова
READ check (Last 3 IDs): [1404, 1403, 1402]
[02:21:19] INSERT: logout by Иван Петров
[02:21:20] INSERT: click by Алексей Козлов
READ check (Last 3 IDs): [1406, 1405, 1404]
[02:21:21] INSERT: click by Мария Сидорова
[02:21:22] INSERT: logout by Иван Петров
READ check (Last 3 IDs): [1408, 1407, 1406]
[02:21:23] INSERT: logout by Иван Петров
[02:21:24] INSERT: logout by Мария Сидорова
READ check (Last 3 IDs): [1410, 1409, 1408]
[02:21:25] INSERT: error by Мария Сидорова
[02:21:26] INSERT: purchase by Алексей Козлов
READ check (Last 3 IDs): [1412, 1411, 1410]
[02:21:27] INSERT: view_page by Алексей Козлов
[02:21:28] INSERT: click by Алексей Козлов
READ check (Last 3 IDs): [1414, 1413, 1412]
[02:21:29] INSERT: logout by Мария Сидорова
[02:21:30] INSERT: click by Мария Сидорова
READ check (Last 3 IDs): [1416, 1415, 1414]
[02:21:31] INSERT: purchase by Мария Сидорова
[02:21:32] INSERT: purchase by Иван Петров
READ check (Last 3 IDs): [1418, 1417, 1416]
[02:21:33] INSERT: error by Мария Сидорова
[02:21:34] INSERT: purchase by Иван Петров
READ check (Last 3 IDs): [1420, 1419, 1418]
[02:21:35] INSERT: purchase by Иван Петров
[02:21:36] INSERT: purchase by Иван Петров
READ check (Last 3 IDs): [1422, 1421, 1420]
[02:21:37] INSERT: logout by Алексей Козлов
[02:21:38] INSERT: error by Алексей Козлов
READ check (Last 3 IDs): [1424, 1423, 1422]
[02:21:39] INSERT: view_page by Иван Петров
[02:21:40] INSERT: click by Мария Сидорова
READ check (Last 3 IDs): [1426, 1425, 1424]
[02:21:41] INSERT: view_page by Алексей Козлов
[02:21:42] INSERT: error by Иван Петров
READ check (Last 3 IDs): [1428, 1427, 1426]
[02:21:43] INSERT: error by Мария Сидорова
[02:21:44] INSERT: error by Алексей Козлов
READ check (Last 3 IDs): [1430, 1429, 1428]
[02:21:45] INSERT: view_page by Алексей Козлов
[02:21:46] INSERT: login by Алексей Козлов
READ check (Last 3 IDs): [1432, 1431, 1430]
[02:21:47] INSERT: login by Алексей Козлов
[02:21:48] INSERT: purchase by Алексей Козлов
READ check (Last 3 IDs): [1434, 1433, 1432]
[02:21:49] INSERT: click by Иван Петров
[02:21:50] INSERT: error by Алексей Козлов
READ check (Last 3 IDs): [1436, 1435, 1434]
[02:21:51] INSERT: click by Иван Петров
[02:21:52] INSERT: view_page by Алексей Козлов
READ check (Last 3 IDs): [1438, 1437, 1436]
[02:21:53] INSERT: view_page by Мария Сидорова
[02:21:54] INSERT: view_page by Иван Петров
READ check (Last 3 IDs): [1440, 1439, 1438]
[02:21:55] INSERT: login by Мария Сидорова
[02:21:56] INSERT: click by Иван Петров
READ check (Last 3 IDs): [1442, 1441, 1440]
[02:21:57] INSERT: purchase by Иван Петров
[02:21:58] INSERT: view_page by Алексей Козлов
READ check (Last 3 IDs): [1444, 1443, 1442]
[02:22:00] INSERT: purchase by Мария Сидорова
[02:22:01] INSERT: view_page by Мария Сидорова
READ check (Last 3 IDs): [1446, 1445, 1444]
[02:22:02] INSERT: login by Алексей Козлов
[02:22:03] INSERT: login by Алексей Козлов
READ check (Last 3 IDs): [1448, 1447, 1446]
[02:22:04] INSERT: view_page by Мария Сидорова
[02:22:05] INSERT: login by Мария Сидорова
READ check (Last 3 IDs): [1450, 1449, 1448]
[02:22:06] INSERT: view_page by Иван Петров
[02:22:07] INSERT: view_page by Алексей Козлов
READ check (Last 3 IDs): [1452, 1451, 1450]
[02:22:08] INSERT: error by Алексей Козлов
[02:22:09] INSERT: purchase by Мария Сидорова
READ check (Last 3 IDs): [1454, 1453, 1452]
[02:22:10] INSERT: login by Иван Петров
[02:22:11] INSERT: view_page by Алексей Козлов
READ check (Last 3 IDs): [1456, 1455, 1454]
[02:22:12] INSERT: view_page by Алексей Козлов
[02:22:13] INSERT: purchase by Мария Сидорова
READ check (Last 3 IDs): [1458, 1457, 1456]
[02:22:14] INSERT: view_page by Алексей Козлов
[02:22:15] INSERT: click by Иван Петров
READ check (Last 3 IDs): [1460, 1459, 1458]
[02:22:16] INSERT: error by Мария Сидорова
[02:22:17] INSERT: purchase by Мария Сидорова
READ check (Last 3 IDs): [1462, 1461, 1460]
[02:22:18] INSERT: login by Алексей Козлов
[02:22:19] INSERT: error by Мария Сидорова
READ check (Last 3 IDs): [1464, 1463, 1462]
[02:22:20] INSERT: login by Иван Петров
[02:22:21] INSERT: logout by Иван Петров
READ check (Last 3 IDs): [1466, 1465, 1464]
[02:22:22] INSERT: purchase by Алексей Козлов
[02:22:23] INSERT: view_page by Иван Петров
READ check (Last 3 IDs): [1468, 1467, 1466]
[02:22:24] INSERT: login by Мария Сидорова
[02:22:25] INSERT: view_page by Алексей Козлов
READ check (Last 3 IDs): [1470, 1469, 1468]
[02:22:26] INSERT: view_page by Мария Сидорова
[02:22:27] INSERT: logout by Алексей Козлов
READ check (Last 3 IDs): [1472, 1471, 1470]
[02:22:28] INSERT: error by Мария Сидорова
[02:22:29] INSERT: click by Иван Петров
READ check (Last 3 IDs): [1474, 1473, 1472]
[02:22:30] INSERT: error by Иван Петров
[02:22:31] INSERT: error by Мария Сидорова
READ check (Last 3 IDs): [1476, 1475, 1474]
[02:22:32] INSERT: purchase by Алексей Козлов
[02:22:33] INSERT: login by Иван Петров
READ check (Last 3 IDs): [1478, 1477, 1476]
[02:22:34] INSERT: logout by Мария Сидорова
[02:22:35] INSERT: view_page by Иван Петров
READ check (Last 3 IDs): [1480, 1479, 1478]
[02:22:36] INSERT: view_page by Мария Сидорова
[02:22:37] INSERT: purchase by Алексей Козлов
READ check (Last 3 IDs): [1482, 1481, 1480]
[02:22:38] INSERT: view_page by Алексей Козлов
[02:22:39] INSERT: purchase by Мария Сидорова
READ check (Last 3 IDs): [1484, 1483, 1482]
[02:22:40] INSERT: purchase by Иван Петров
[02:22:41] INSERT: error by Иван Петров
READ check (Last 3 IDs): [1486, 1485, 1484]
[02:22:42] INSERT: logout by Иван Петров
[02:22:43] INSERT: click by Алексей Козлов
READ check (Last 3 IDs): [1488, 1487, 1486]
[02:22:44] INSERT: purchase by Мария Сидорова
[02:22:45] INSERT: purchase by Мария Сидорова
READ check (Last 3 IDs): [1490, 1489, 1488]
[02:22:46] INSERT: view_page by Алексей Козлов
[02:22:47] INSERT: view_page by Мария Сидорова
READ check (Last 3 IDs): [1492, 1491, 1490]
[02:22:48] INSERT: purchase by Иван Петров
[02:22:49] INSERT: error by Алексей Козлов
READ check (Last 3 IDs): [1494, 1493, 1492]
[02:22:50] INSERT: purchase by Мария Сидорова
[02:22:51] INSERT: logout by Иван Петров
READ check (Last 3 IDs): [1496, 1495, 1494]
[02:22:52] INSERT: login by Иван Петров
[02:22:53] INSERT: click by Мария Сидорова
READ check (Last 3 IDs): [1498, 1497, 1496]
[02:22:54] INSERT: click by Мария Сидорова
[02:22:55] INSERT: login by Иван Петров
READ check (Last 3 IDs): [1500, 1499, 1498]
[02:22:56] INSERT: click by Алексей Козлов
[02:22:57] INSERT: error by Иван Петров
READ check (Last 3 IDs): [1502, 1501, 1500]
[02:22:58] INSERT: login by Алексей Козлов
[02:23:00] INSERT: login by Алексей Козлов
READ check (Last 3 IDs): [1504, 1503, 1502]
[02:23:01] INSERT: view_page by Мария Сидорова
[02:23:02] INSERT: login by Мария Сидорова
READ check (Last 3 IDs): [1506, 1505, 1504]
[02:23:03] INSERT: click by Алексей Козлов
[02:23:04] INSERT: click by Алексей Козлов
READ check (Last 3 IDs): [1508, 1507, 1506]
[02:23:05] INSERT: logout by Иван Петров
[02:23:06] INSERT: purchase by Иван Петров
READ check (Last 3 IDs): [1510, 1509, 1508]
[02:23:07] INSERT: error by Мария Сидорова
[02:23:08] INSERT: error by Иван Петров
READ check (Last 3 IDs): [1512, 1511, 1510]
[02:23:09] INSERT: login by Мария Сидорова
[02:23:10] INSERT: error by Алексей Козлов
READ check (Last 3 IDs): [1514, 1513, 1512]
[02:23:11] INSERT: view_page by Иван Петров
[02:23:12] INSERT: error by Алексей Козлов
READ check (Last 3 IDs): [1516, 1515, 1514]
[02:23:13] INSERT: click by Иван Петров
[02:23:14] INSERT: login by Алексей Козлов
READ check (Last 3 IDs): [1518, 1517, 1516]
[02:23:15] INSERT: logout by Алексей Козлов
[02:23:16] INSERT: logout by Иван Петров
READ check (Last 3 IDs): [1520, 1519, 1518]
[02:23:17] INSERT: logout by Мария Сидорова
[02:23:18] INSERT: purchase by Алексей Козлов
READ check (Last 3 IDs): [1522, 1521, 1520]
[02:23:19] INSERT: logout by Иван Петров
[02:23:20] INSERT: login by Алексей Козлов
READ check (Last 3 IDs): [1524, 1523, 1522]
[02:23:21] INSERT: click by Алексей Козлов
[02:23:22] INSERT: purchase by Мария Сидорова
READ check (Last 3 IDs): [1526, 1525, 1524]
[02:23:23] INSERT: purchase by Алексей Козлов
[02:23:24] INSERT: purchase by Мария Сидорова
READ check (Last 3 IDs): [1528, 1527, 1526]
[02:23:25] INSERT: error by Мария Сидорова
[02:23:26] INSERT: login by Мария Сидорова
READ check (Last 3 IDs): [1530, 1529, 1528]
[02:23:27] INSERT: error by Мария Сидорова
[02:23:28] INSERT: purchase by Иван Петров
READ check (Last 3 IDs): [1532, 1531, 1530]
[02:23:29] INSERT: error by Иван Петров
[02:23:30] INSERT: error by Иван Петров
READ check (Last 3 IDs): [1534, 1533, 1532]
[02:23:31] INSERT: purchase by Алексей Козлов
[02:23:32] INSERT: logout by Мария Сидорова
READ check (Last 3 IDs): [1536, 1535, 1534]
[02:23:33] INSERT: error by Иван Петров
[02:23:34] INSERT: logout by Алексей Козлов
READ check (Last 3 IDs): [1538, 1537, 1536]
[02:23:35] INSERT: error by Алексей Козлов
[02:23:36] INSERT: error by Иван Петров
READ check (Last 3 IDs): [1540, 1539, 1538]
[02:23:37] INSERT: view_page by Иван Петров
[02:23:38] INSERT: click by Иван Петров
READ check (Last 3 IDs): [1542, 1541, 1540]
[02:23:39] INSERT: view_page by Мария Сидорова
[02:23:40] INSERT: error by Алексей Козлов
READ check (Last 3 IDs): [1544, 1543, 1542]
[02:23:41] INSERT: purchase by Мария Сидорова
[02:23:42] INSERT: view_page by Мария Сидорова
READ check (Last 3 IDs): [1546, 1545, 1544]
[02:23:43] INSERT: error by Мария Сидорова
[02:23:44] INSERT: error by Алексей Козлов
READ check (Last 3 IDs): [1548, 1547, 1546]
[02:23:45] INSERT: click by Иван Петров
[02:23:46] INSERT: purchase by Алексей Козлов
READ check (Last 3 IDs): [1550, 1549, 1548]
[02:23:47] INSERT: error by Иван Петров
[02:23:48] INSERT: error by Алексей Козлов
READ check (Last 3 IDs): [1552, 1551, 1550]
[02:23:49] INSERT: error by Алексей Козлов
[02:23:50] INSERT: login by Алексей Козлов
READ check (Last 3 IDs): [1554, 1553, 1552]
[02:23:51] INSERT: error by Алексей Козлов
[02:23:52] INSERT: click by Мария Сидорова
READ check (Last 3 IDs): [1556, 1555, 1554]
[02:23:53] INSERT: view_page by Мария Сидорова
[02:23:54] INSERT: purchase by Алексей Козлов
READ check (Last 3 IDs): [1558, 1557, 1556]
[02:23:55] INSERT: view_page by Мария Сидорова
[02:23:56] INSERT: logout by Мария Сидорова
READ check (Last 3 IDs): [1560, 1559, 1558]
[02:23:57] INSERT: purchase by Иван Петров
[02:23:58] INSERT: view_page by Алексей Козлов
READ check (Last 3 IDs): [1562, 1561, 1560]
[02:23:59] INSERT: error by Алексей Козлов
[02:24:00] INSERT: purchase by Мария Сидорова
READ check (Last 3 IDs): [1564, 1563, 1562]
[02:24:02] INSERT: logout by Мария Сидорова
[02:24:03] INSERT: view_page by Алексей Козлов
READ check (Last 3 IDs): [1566, 1565, 1564]
[02:24:04] INSERT: error by Алексей Козлов
[02:24:05] INSERT: view_page by Алексей Козлов
READ check (Last 3 IDs): [1568, 1567, 1566]
[02:24:06] INSERT: click by Иван Петров
[02:24:07] INSERT: view_page by Иван Петров
READ check (Last 3 IDs): [1570, 1569, 1568]
[02:24:08] INSERT: login by Алексей Козлов
[02:24:09] INSERT: purchase by Алексей Козлов
READ check (Last 3 IDs): [1572, 1571, 1570]
[02:24:10] INSERT: login by Алексей Козлов
[02:24:11] INSERT: purchase by Алексей Козлов
READ check (Last 3 IDs): [1574, 1573, 1572]
[02:24:12] INSERT: purchase by Иван Петров
[02:24:13] INSERT: error by Иван Петров
READ check (Last 3 IDs): [1576, 1575, 1574]
[02:24:14] INSERT: click by Мария Сидорова
[02:24:15] INSERT: purchase by Иван Петров
READ check (Last 3 IDs): [1578, 1577, 1576]
[02:24:16] INSERT: login by Мария Сидорова
[02:24:17] INSERT: logout by Алексей Козлов
READ check (Last 3 IDs): [1580, 1579, 1578]
[02:24:18] INSERT: error by Мария Сидорова
[02:24:19] INSERT: logout by Иван Петров
READ check (Last 3 IDs): [1582, 1581, 1580]
[02:24:20] INSERT: click by Иван Петров
[02:24:21] INSERT: view_page by Алексей Козлов
READ check (Last 3 IDs): [1584, 1583, 1582]
[02:24:22] INSERT: purchase by Алексей Козлов
[02:24:23] INSERT: error by Иван Петров
READ check (Last 3 IDs): [1586, 1585, 1584]
[02:24:24] INSERT: click by Иван Петров
[02:24:25] INSERT: logout by Алексей Козлов
READ check (Last 3 IDs): [1588, 1587, 1586]
[02:24:26] INSERT: click by Алексей Козлов
[02:24:27] INSERT: logout by Мария Сидорова
READ check (Last 3 IDs): [1590, 1589, 1588]
[02:24:28] INSERT: purchase by Иван Петров
[02:24:29] INSERT: logout by Иван Петров
READ check (Last 3 IDs): [1592, 1591, 1590]
[02:24:30] INSERT: logout by Иван Петров
[02:24:31] INSERT: purchase by Иван Петров
READ check (Last 3 IDs): [1594, 1593, 1592]
[02:24:32] INSERT: purchase by Алексей Козлов
[02:24:33] INSERT: purchase by Алексей Козлов
READ check (Last 3 IDs): [1596, 1595, 1594]
[02:24:34] INSERT: purchase by Мария Сидорова
[02:24:35] INSERT: login by Алексей Козлов
READ check (Last 3 IDs): [1598, 1597, 1596]
[02:24:36] INSERT: logout by Мария Сидорова
[02:24:37] INSERT: click by Мария Сидорова
READ check (Last 3 IDs): [1600, 1599, 1598]
[02:24:38] INSERT: logout by Алексей Козлов
[02:24:39] INSERT: logout by Иван Петров
READ check (Last 3 IDs): [1602, 1601, 1600]
[02:24:40] INSERT: login by Иван Петров
[02:24:41] INSERT: purchase by Иван Петров
READ check (Last 3 IDs): [1604, 1603, 1602]
[02:24:42] INSERT: login by Иван Петров
[02:24:43] INSERT: logout by Мария Сидорова
READ check (Last 3 IDs): [1606, 1605, 1604]
[02:24:44] INSERT: logout by Мария Сидорова
[02:24:45] INSERT: purchase by Алексей Козлов
READ check (Last 3 IDs): [1608, 1607, 1606]
[02:24:46] INSERT: purchase by Иван Петров
[02:24:47] INSERT: view_page by Алексей Козлов
READ check (Last 3 IDs): [1610, 1609, 1608]
[02:24:48] INSERT: logout by Мария Сидорова
[02:24:49] INSERT: error by Мария Сидорова
READ check (Last 3 IDs): [1612, 1611, 1610]
[02:24:50] INSERT: error by Алексей Козлов
[02:24:51] INSERT: login by Мария Сидорова
READ check (Last 3 IDs): [1614, 1613, 1612]
[02:24:52] INSERT: click by Мария Сидорова
[02:24:53] INSERT: purchase by Алексей Козлов
READ check (Last 3 IDs): [1616, 1615, 1614]
[02:24:54] INSERT: click by Мария Сидорова
[02:24:55] INSERT: view_page by Иван Петров
READ check (Last 3 IDs): [1618, 1617, 1616]
[02:24:56] INSERT: click by Мария Сидорова
[02:24:57] INSERT: login by Алексей Козлов
READ check (Last 3 IDs): [1620, 1619, 1618]
[02:24:58] INSERT: logout by Алексей Козлов
[02:24:59] INSERT: login by Алексей Козлов
READ check (Last 3 IDs): [1622, 1621, 1620]
[02:25:00] INSERT: click by Мария Сидорова
[02:25:01] INSERT: error by Мария Сидорова
READ check (Last 3 IDs): [1624, 1623, 1622]
[02:25:02] INSERT: view_page by Алексей Козлов
[02:25:03] INSERT: error by Иван Петров
READ check (Last 3 IDs): [1626, 1625, 1624]
[02:25:04] INSERT: view_page by Иван Петров
[02:25:06] INSERT: click by Иван Петров
READ check (Last 3 IDs): [1628, 1627, 1626]
[02:25:07] INSERT: view_page by Алексей Козлов
[02:25:08] INSERT: logout by Алексей Козлов
READ check (Last 3 IDs): [1630, 1629, 1628]
[02:25:09] INSERT: purchase by Иван Петров
[02:25:10] INSERT: view_page by Иван Петров
READ check (Last 3 IDs): [1632, 1631, 1630]
[02:25:11] INSERT: purchase by Алексей Козлов
[02:25:12] INSERT: logout by Алексей Козлов
READ check (Last 3 IDs): [1634, 1633, 1632]
[02:25:13] INSERT: purchase by Мария Сидорова
[02:25:14] INSERT: login by Иван Петров
READ check (Last 3 IDs): [1636, 1635, 1634]
[02:25:15] INSERT: login by Иван Петров
[02:25:16] INSERT: logout by Иван Петров
READ check (Last 3 IDs): [1638, 1637, 1636]
[02:25:17] INSERT: view_page by Алексей Козлов
[02:25:18] INSERT: view_page by Алексей Козлов
READ check (Last 3 IDs): [1640, 1639, 1638]
[02:25:19] INSERT: logout by Алексей Козлов
[02:25:20] INSERT: login by Мария Сидорова
READ check (Last 3 IDs): [1642, 1641, 1640]
[02:25:21] INSERT: click by Иван Петров
[02:25:22] INSERT: purchase by Алексей Козлов
READ check (Last 3 IDs): [1644, 1643, 1642]
[02:25:23] INSERT: error by Мария Сидорова
[02:25:24] INSERT: click by Иван Петров
READ check (Last 3 IDs): [1646, 1645, 1644]
[02:25:25] INSERT: click by Мария Сидорова
[02:25:26] INSERT: login by Иван Петров
READ check (Last 3 IDs): [1648, 1647, 1646]
[02:25:27] INSERT: click by Алексей Козлов
[02:25:28] INSERT: click by Мария Сидорова
READ check (Last 3 IDs): [1650, 1649, 1648]
[02:25:29] INSERT: login by Алексей Козлов
[02:25:30] INSERT: purchase by Мария Сидорова
READ check (Last 3 IDs): [1652, 1651, 1650]
[02:25:31] INSERT: login by Иван Петров
[02:25:32] INSERT: purchase by Алексей Козлов
READ check (Last 3 IDs): [1654, 1653, 1652]
[02:25:33] INSERT: logout by Мария Сидорова
[02:25:34] INSERT: logout by Алексей Козлов
READ check (Last 3 IDs): [1656, 1655, 1654]
[02:25:35] INSERT: click by Мария Сидорова
[02:25:36] INSERT: error by Иван Петров
READ check (Last 3 IDs): [1658, 1657, 1656]
[02:25:37] INSERT: click by Иван Петров
[02:25:38] INSERT: error by Алексей Козлов
READ check (Last 3 IDs): [1660, 1659, 1658]
[02:25:39] INSERT: purchase by Алексей Козлов
[02:25:40] INSERT: logout by Алексей Козлов
READ check (Last 3 IDs): [1662, 1661, 1660]
[02:25:41] INSERT: view_page by Алексей Козлов
[02:25:42] INSERT: logout by Иван Петров
READ check (Last 3 IDs): [1664, 1663, 1662]
[02:25:43] INSERT: view_page by Мария Сидорова
[02:25:44] INSERT: login by Алексей Козлов
READ check (Last 3 IDs): [1666, 1665, 1664]
[02:25:45] INSERT: purchase by Иван Петров
[02:25:46] INSERT: click by Иван Петров
READ check (Last 3 IDs): [1668, 1667, 1666]
[02:25:47] INSERT: view_page by Мария Сидорова
[02:25:48] INSERT: login by Мария Сидорова
READ check (Last 3 IDs): [1670, 1669, 1668]
[02:25:49] INSERT: purchase by Алексей Козлов
[02:25:50] INSERT: error by Мария Сидорова
READ check (Last 3 IDs): [1672, 1671, 1670]
[02:25:51] INSERT: purchase by Алексей Козлов
[02:25:52] INSERT: click by Мария Сидорова
READ check (Last 3 IDs): [1674, 1673, 1672]
[02:25:53] INSERT: logout by Мария Сидорова
[02:25:54] INSERT: click by Иван Петров
READ check (Last 3 IDs): [1676, 1675, 1674]
[02:25:55] INSERT: login by Алексей Козлов
[02:25:56] INSERT: click by Иван Петров
READ check (Last 3 IDs): [1678, 1677, 1676]
[02:25:57] INSERT: login by Мария Сидорова
[02:25:58] INSERT: error by Иван Петров
READ check (Last 3 IDs): [1680, 1679, 1678]
[02:25:59] INSERT: purchase by Иван Петров
[02:26:00] INSERT: error by Алексей Козлов
READ check (Last 3 IDs): [1682, 1681, 1680]
[02:26:01] INSERT: click by Алексей Козлов
[02:26:02] INSERT: purchase by Алексей Козлов
READ check (Last 3 IDs): [1684, 1683, 1682]
[02:26:03] INSERT: click by Иван Петров
[02:26:04] INSERT: view_page by Иван Петров
READ check (Last 3 IDs): [1686, 1685, 1684]
[02:26:05] INSERT: error by Мария Сидорова
[02:26:07] INSERT: click by Мария Сидорова
READ check (Last 3 IDs): [1688, 1687, 1686]
[02:26:08] INSERT: purchase by Иван Петров
[02:26:09] INSERT: login by Иван Петров
READ check (Last 3 IDs): [1690, 1689, 1688]
[02:26:10] INSERT: login by Алексей Козлов
[02:26:11] INSERT: view_page by Иван Петров
READ check (Last 3 IDs): [1692, 1691, 1690]
[02:26:12] INSERT: view_page by Мария Сидорова
[02:26:13] INSERT: purchase by Иван Петров
READ check (Last 3 IDs): [1694, 1693, 1692]
[02:26:14] INSERT: login by Алексей Козлов
[02:26:15] INSERT: login by Алексей Козлов
READ check (Last 3 IDs): [1696, 1695, 1694]
[02:26:16] INSERT: error by Иван Петров
[02:26:17] INSERT: view_page by Мария Сидорова
READ check (Last 3 IDs): [1698, 1697, 1696]
[02:26:18] INSERT: purchase by Алексей Козлов
[02:26:19] INSERT: error by Мария Сидорова
READ check (Last 3 IDs): [1700, 1699, 1698]
[02:26:20] INSERT: login by Мария Сидорова
[02:26:21] INSERT: logout by Алексей Козлов
READ check (Last 3 IDs): [1702, 1701, 1700]
[02:26:22] INSERT: purchase by Иван Петров
[02:26:23] INSERT: login by Иван Петров
READ check (Last 3 IDs): [1704, 1703, 1702]
[02:26:24] INSERT: login by Иван Петров
[02:26:25] INSERT: view_page by Алексей Козлов
READ check (Last 3 IDs): [1706, 1705, 1704]
[02:26:26] INSERT: view_page by Мария Сидорова
[02:26:27] INSERT: purchase by Мария Сидорова
READ check (Last 3 IDs): [1708, 1707, 1706]
[02:26:28] INSERT: logout by Мария Сидорова
[02:26:29] INSERT: error by Алексей Козлов
READ check (Last 3 IDs): [1710, 1709, 1708]
[02:26:30] INSERT: click by Алексей Козлов
[02:26:31] INSERT: logout by Иван Петров
READ check (Last 3 IDs): [1712, 1711, 1710]
[02:26:32] INSERT: click by Алексей Козлов
[02:26:33] INSERT: purchase by Иван Петров
READ check (Last 3 IDs): [1714, 1713, 1712]
[02:26:34] INSERT: login by Иван Петров
[02:26:35] INSERT: view_page by Алексей Козлов
READ check (Last 3 IDs): [1716, 1715, 1714]
[02:26:36] INSERT: logout by Мария Сидорова
[02:26:37] INSERT: login by Иван Петров
READ check (Last 3 IDs): [1718, 1717, 1716]
[02:26:38] INSERT: error by Мария Сидорова
[02:26:39] INSERT: click by Мария Сидорова
READ check (Last 3 IDs): [1720, 1719, 1718]
[02:26:40] INSERT: error by Иван Петров
[02:26:41] INSERT: error by Иван Петров
READ check (Last 3 IDs): [1722, 1721, 1720]
[02:26:42] INSERT: view_page by Мария Сидорова
[02:26:43] INSERT: view_page by Мария Сидорова
READ check (Last 3 IDs): [1724, 1723, 1722]
[02:26:44] INSERT: logout by Алексей Козлов
[02:26:45] INSERT: purchase by Иван Петров
READ check (Last 3 IDs): [1726, 1725, 1724]
[02:26:46] INSERT: purchase by Иван Петров
[02:26:47] INSERT: purchase by Алексей Козлов
READ check (Last 3 IDs): [1728, 1727, 1726]
[02:26:48] INSERT: login by Иван Петров
[02:26:49] INSERT: click by Алексей Козлов
READ check (Last 3 IDs): [1730, 1729, 1728]
[02:26:50] INSERT: view_page by Мария Сидорова
[02:26:51] INSERT: purchase by Мария Сидорова
READ check (Last 3 IDs): [1732, 1731, 1730]
[02:26:52] INSERT: login by Алексей Козлов
[02:26:53] INSERT: view_page by Иван Петров
READ check (Last 3 IDs): [1734, 1733, 1732]
[02:26:54] INSERT: login by Иван Петров
[02:26:55] INSERT: click by Мария Сидорова
READ check (Last 3 IDs): [1736, 1735, 1734]
[02:26:56] INSERT: purchase by Иван Петров
[02:26:57] INSERT: login by Иван Петров
READ check (Last 3 IDs): [1738, 1737, 1736]
[02:26:58] INSERT: click by Иван Петров
[02:26:59] INSERT: error by Алексей Козлов
READ check (Last 3 IDs): [1740, 1739, 1738]
[02:27:00] INSERT: view_page by Иван Петров
[02:27:01] INSERT: logout by Мария Сидорова
READ check (Last 3 IDs): [1742, 1741, 1740]
[02:27:02] INSERT: click by Мария Сидорова
[02:27:03] INSERT: logout by Мария Сидорова
READ check (Last 3 IDs): [1744, 1743, 1742]
[02:27:04] INSERT: purchase by Алексей Козлов
[02:27:05] INSERT: logout by Мария Сидорова
READ check (Last 3 IDs): [1746, 1745, 1744]
[02:27:07] INSERT: click by Мария Сидорова
[02:27:08] INSERT: click by Мария Сидорова
READ check (Last 3 IDs): [1748, 1747, 1746]
[02:27:09] INSERT: purchase by Иван Петров
[02:27:10] INSERT: view_page by Иван Петров
READ check (Last 3 IDs): [1750, 1749, 1748]
[02:27:11] INSERT: click by Мария Сидорова
[02:27:12] INSERT: click by Алексей Козлов
READ check (Last 3 IDs): [1752, 1751, 1750]
[02:27:13] INSERT: login by Алексей Козлов
[02:27:14] INSERT: purchase by Алексей Козлов
READ check (Last 3 IDs): [1754, 1753, 1752]
[02:27:15] INSERT: login by Алексей Козлов
[02:27:16] INSERT: logout by Мария Сидорова
READ check (Last 3 IDs): [1756, 1755, 1754]
[02:27:17] INSERT: login by Алексей Козлов
[02:27:18] INSERT: purchase by Алексей Козлов
READ check (Last 3 IDs): [1758, 1757, 1756]
[02:27:19] INSERT: login by Мария Сидорова
[02:27:20] INSERT: purchase by Алексей Козлов
READ check (Last 3 IDs): [1760, 1759, 1758]
[02:27:21] INSERT: login by Иван Петров
[02:27:22] INSERT: click by Мария Сидорова
READ check (Last 3 IDs): [1762, 1761, 1760]
[02:27:23] INSERT: click by Мария Сидорова
[02:27:24] INSERT: click by Мария Сидорова
READ check (Last 3 IDs): [1764, 1763, 1762]
[02:27:25] INSERT: purchase by Алексей Козлов
[02:27:26] INSERT: login by Мария Сидорова
READ check (Last 3 IDs): [1766, 1765, 1764]
[02:27:27] INSERT: login by Иван Петров
[02:27:28] INSERT: login by Мария Сидорова
READ check (Last 3 IDs): [1768, 1767, 1766]
[02:27:29] INSERT: view_page by Алексей Козлов
[02:27:30] INSERT: logout by Мария Сидорова
READ check (Last 3 IDs): [1770, 1769, 1768]
[02:27:31] INSERT: click by Мария Сидорова
[02:27:32] INSERT: click by Мария Сидорова
READ check (Last 3 IDs): [1772, 1771, 1770]
[02:27:33] INSERT: logout by Алексей Козлов
[02:27:34] INSERT: click by Иван Петров
READ check (Last 3 IDs): [1774, 1773, 1772]
[02:27:35] INSERT: click by Иван Петров
[02:27:36] INSERT: logout by Мария Сидорова
READ check (Last 3 IDs): [1776, 1775, 1774]
[02:27:37] INSERT: error by Алексей Козлов
[02:27:38] INSERT: view_page by Мария Сидорова
READ check (Last 3 IDs): [1778, 1777, 1776]
[02:27:39] INSERT: logout by Мария Сидорова
[02:27:40] INSERT: logout by Мария Сидорова
READ check (Last 3 IDs): [1780, 1779, 1778]
[02:27:41] INSERT: purchase by Алексей Козлов
[02:27:42] INSERT: logout by Иван Петров
READ check (Last 3 IDs): [1782, 1781, 1780]
[02:27:43] INSERT: logout by Иван Петров
[02:27:44] INSERT: login by Иван Петров
READ check (Last 3 IDs): [1784, 1783, 1782]
[02:27:45] INSERT: view_page by Алексей Козлов
[02:27:46] INSERT: view_page by Иван Петров
READ check (Last 3 IDs): [1786, 1785, 1784]
[02:27:47] INSERT: view_page by Алексей Козлов
[02:27:48] INSERT: click by Иван Петров
READ check (Last 3 IDs): [1788, 1787, 1786]
[02:27:49] INSERT: click by Мария Сидорова
[02:27:50] INSERT: logout by Мария Сидорова
READ check (Last 3 IDs): [1790, 1789, 1788]
[02:27:51] INSERT: purchase by Мария Сидорова
[02:27:52] INSERT: login by Мария Сидорова
READ check (Last 3 IDs): [1792, 1791, 1790]
[02:27:53] INSERT: login by Иван Петров
[02:27:54] INSERT: purchase by Алексей Козлов
READ check (Last 3 IDs): [1794, 1793, 1792]
[02:27:55] INSERT: login by Иван Петров
[02:27:56] INSERT: purchase by Алексей Козлов
READ check (Last 3 IDs): [1796, 1795, 1794]
[02:27:57] INSERT: login by Иван Петров
[02:27:58] INSERT: logout by Мария Сидорова
READ check (Last 3 IDs): [1798, 1797, 1796]
[02:27:59] INSERT: login by Мария Сидорова
[02:28:00] INSERT: login by Алексей Козлов
READ check (Last 3 IDs): [1800, 1799, 1798]
[02:28:01] INSERT: purchase by Алексей Козлов
[02:28:02] INSERT: click by Алексей Козлов
READ check (Last 3 IDs): [1802, 1801, 1800]
[02:28:03] INSERT: view_page by Мария Сидорова
[02:28:04] INSERT: login by Иван Петров
READ check (Last 3 IDs): [1804, 1803, 1802]
[02:28:05] INSERT: logout by Мария Сидорова
[02:28:07] INSERT: error by Алексей Козлов
READ check (Last 3 IDs): [1806, 1805, 1804]
[02:28:08] INSERT: logout by Мария Сидорова
[02:28:09] INSERT: purchase by Иван Петров
READ check (Last 3 IDs): [1808, 1807, 1806]
[02:28:10] INSERT: error by Мария Сидорова
[02:28:11] INSERT: logout by Мария Сидорова
READ check (Last 3 IDs): [1810, 1809, 1808]
[02:28:12] INSERT: logout by Иван Петров
[02:28:13] INSERT: error by Алексей Козлов
READ check (Last 3 IDs): [1812, 1811, 1810]
[02:28:14] INSERT: purchase by Иван Петров
[02:28:15] INSERT: logout by Мария Сидорова
READ check (Last 3 IDs): [1814, 1813, 1812]
[02:28:16] INSERT: click by Алексей Козлов
[02:28:17] INSERT: login by Алексей Козлов
READ check (Last 3 IDs): [1816, 1815, 1814]
[02:28:18] INSERT: purchase by Иван Петров
[02:28:19] INSERT: error by Мария Сидорова
READ check (Last 3 IDs): [1818, 1817, 1816]
[02:28:20] INSERT: purchase by Мария Сидорова
[02:28:21] INSERT: logout by Алексей Козлов
READ check (Last 3 IDs): [1820, 1819, 1818]
[02:28:22] INSERT: purchase by Иван Петров
[02:28:23] INSERT: error by Иван Петров
READ check (Last 3 IDs): [1822, 1821, 1820]
[02:28:24] INSERT: error by Иван Петров
[02:28:25] INSERT: view_page by Алексей Козлов
READ check (Last 3 IDs): [1824, 1823, 1822]
[02:28:26] INSERT: view_page by Иван Петров
[02:28:27] INSERT: view_page by Иван Петров
READ check (Last 3 IDs): [1826, 1825, 1824]
[02:28:28] INSERT: view_page by Мария Сидорова
[02:28:29] INSERT: view_page by Алексей Козлов
READ check (Last 3 IDs): [1828, 1827, 1826]
[02:28:30] INSERT: purchase by Иван Петров
[02:28:31] INSERT: view_page by Алексей Козлов
READ check (Last 3 IDs): [1830, 1829, 1828]
[02:28:32] INSERT: purchase by Мария Сидорова
[02:28:33] INSERT: error by Иван Петров
READ check (Last 3 IDs): [1832, 1831, 1830]
[02:28:34] INSERT: purchase by Мария Сидорова
[02:28:35] INSERT: logout by Мария Сидорова
READ check (Last 3 IDs): [1834, 1833, 1832]
[02:28:36] INSERT: view_page by Мария Сидорова
[02:28:37] INSERT: error by Иван Петров
READ check (Last 3 IDs): [1836, 1835, 1834]
[02:28:38] INSERT: purchase by Мария Сидорова
[02:28:39] INSERT: click by Иван Петров
READ check (Last 3 IDs): [1838, 1837, 1836]
[02:28:40] INSERT: purchase by Иван Петров
[02:28:41] INSERT: logout by Мария Сидорова
READ check (Last 3 IDs): [1840, 1839, 1838]
[02:28:42] INSERT: view_page by Мария Сидорова
[02:28:43] INSERT: purchase by Мария Сидорова
READ check (Last 3 IDs): [1842, 1841, 1840]
[02:28:44] INSERT: login by Мария Сидорова
[02:28:45] INSERT: view_page by Мария Сидорова
READ check (Last 3 IDs): [1844, 1843, 1842]
[02:28:46] INSERT: error by Иван Петров
[02:28:47] INSERT: login by Мария Сидорова
READ check (Last 3 IDs): [1846, 1845, 1844]
[02:28:48] INSERT: login by Алексей Козлов
[02:28:49] INSERT: view_page by Алексей Козлов
READ check (Last 3 IDs): [1848, 1847, 1846]
[02:28:50] INSERT: login by Алексей Козлов
[02:28:51] INSERT: login by Мария Сидорова
READ check (Last 3 IDs): [1850, 1849, 1848]
[02:28:52] INSERT: error by Алексей Козлов
[02:28:53] INSERT: purchase by Иван Петров
READ check (Last 3 IDs): [1852, 1851, 1850]
[02:28:54] INSERT: login by Иван Петров
[02:28:55] INSERT: click by Иван Петров
READ check (Last 3 IDs): [1854, 1853, 1852]
[02:28:56] INSERT: logout by Иван Петров
[02:28:57] INSERT: error by Иван Петров
READ check (Last 3 IDs): [1856, 1855, 1854]
[02:28:58] INSERT: error by Алексей Козлов
[02:28:59] INSERT: view_page by Иван Петров
READ check (Last 3 IDs): [1858, 1857, 1856]
[02:29:00] INSERT: click by Алексей Козлов
[02:29:01] INSERT: click by Иван Петров
READ check (Last 3 IDs): [1860, 1859, 1858]
[02:29:02] INSERT: error by Иван Петров
[02:29:03] INSERT: view_page by Мария Сидорова
READ check (Last 3 IDs): [1862, 1861, 1860]
[02:29:04] INSERT: error by Алексей Козлов
[02:29:05] INSERT: login by Алексей Козлов
READ check (Last 3 IDs): [1864, 1863, 1862]
[02:29:06] INSERT: logout by Мария Сидорова
[02:29:08] INSERT: click by Мария Сидорова
READ check (Last 3 IDs): [1866, 1865, 1864]
[02:29:09] INSERT: view_page by Иван Петров
[02:29:10] INSERT: view_page by Мария Сидорова
READ check (Last 3 IDs): [1868, 1867, 1866]
[02:29:11] INSERT: purchase by Алексей Козлов
[02:29:12] INSERT: logout by Мария Сидорова
READ check (Last 3 IDs): [1870, 1869, 1868]
[02:29:13] INSERT: logout by Иван Петров
[02:29:14] INSERT: login by Иван Петров
READ check (Last 3 IDs): [1872, 1871, 1870]
[02:29:15] INSERT: error by Иван Петров
[02:29:16] INSERT: purchase by Алексей Козлов
READ check (Last 3 IDs): [1874, 1873, 1872]
[02:29:17] INSERT: view_page by Мария Сидорова
[02:29:18] INSERT: click by Иван Петров
READ check (Last 3 IDs): [1876, 1875, 1874]
[02:29:19] INSERT: logout by Алексей Козлов
[02:29:20] INSERT: error by Алексей Козлов
READ check (Last 3 IDs): [1878, 1877, 1876]
[02:29:21] INSERT: logout by Иван Петров
[02:29:22] INSERT: login by Мария Сидорова
READ check (Last 3 IDs): [1880, 1879, 1878]
[02:29:23] INSERT: purchase by Алексей Козлов
[02:29:24] INSERT: login by Иван Петров
READ check (Last 3 IDs): [1882, 1881, 1880]
[02:29:25] INSERT: logout by Алексей Козлов
[02:29:26] INSERT: logout by Иван Петров
READ check (Last 3 IDs): [1884, 1883, 1882]
[02:29:27] INSERT: view_page by Мария Сидорова
[02:29:28] INSERT: purchase by Иван Петров
READ check (Last 3 IDs): [1886, 1885, 1884]
[02:29:29] INSERT: logout by Алексей Козлов
[02:29:30] INSERT: click by Алексей Козлов
READ check (Last 3 IDs): [1888, 1887, 1886]
[02:29:31] INSERT: login by Мария Сидорова
[02:29:32] INSERT: error by Алексей Козлов
READ check (Last 3 IDs): [1890, 1889, 1888]
[02:29:33] INSERT: error by Алексей Козлов
[02:29:34] INSERT: click by Алексей Козлов
READ check (Last 3 IDs): [1892, 1891, 1890]
[02:29:35] INSERT: click by Мария Сидорова
[02:29:36] INSERT: logout by Алексей Козлов
READ check (Last 3 IDs): [1894, 1893, 1892]
[02:29:37] INSERT: purchase by Иван Петров
[02:29:38] INSERT: click by Мария Сидорова
READ check (Last 3 IDs): [1896, 1895, 1894]
[02:29:39] INSERT: logout by Иван Петров
[02:29:40] INSERT: view_page by Алексей Козлов
READ check (Last 3 IDs): [1898, 1897, 1896]
[02:29:41] INSERT: login by Иван Петров
[02:29:42] INSERT: purchase by Мария Сидорова
READ check (Last 3 IDs): [1900, 1899, 1898]
[02:29:43] INSERT: purchase by Иван Петров
[02:29:44] INSERT: error by Иван Петров
READ check (Last 3 IDs): [1902, 1901, 1900]
[02:29:45] INSERT: click by Мария Сидорова
[02:29:46] INSERT: purchase by Мария Сидорова
READ check (Last 3 IDs): [1904, 1903, 1902]
[02:29:47] INSERT: logout by Алексей Козлов
[02:29:48] INSERT: click by Мария Сидорова
READ check (Last 3 IDs): [1906, 1905, 1904]
[02:29:49] INSERT: click by Мария Сидорова
[02:29:50] INSERT: view_page by Алексей Козлов
READ check (Last 3 IDs): [1908, 1907, 1906]
[02:29:51] INSERT: logout by Иван Петров
[02:29:52] INSERT: error by Иван Петров
READ check (Last 3 IDs): [1910, 1909, 1908]
[02:29:53] INSERT: click by Алексей Козлов
[02:29:54] INSERT: view_page by Алексей Козлов
READ check (Last 3 IDs): [1912, 1911, 1910]
[02:29:55] INSERT: view_page by Иван Петров
[02:29:56] INSERT: click by Мария Сидорова
READ check (Last 3 IDs): [1914, 1913, 1912]
[02:29:57] INSERT: purchase by Мария Сидорова
[02:29:58] INSERT: logout by Мария Сидорова
READ check (Last 3 IDs): [1916, 1915, 1914]
[02:29:59] INSERT: view_page by Иван Петров
[02:30:00] INSERT: click by Алексей Козлов
READ check (Last 3 IDs): [1918, 1917, 1916]
[02:30:01] INSERT: purchase by Алексей Козлов
[02:30:02] INSERT: login by Мария Сидорова
READ check (Last 3 IDs): [1920, 1919, 1918]
[02:30:03] INSERT: logout by Алексей Козлов
[02:30:04] INSERT: logout by Алексей Козлов
READ check (Last 3 IDs): [1922, 1921, 1920]
[02:30:05] INSERT: view_page by Иван Петров
[02:30:06] INSERT: error by Мария Сидорова
READ check (Last 3 IDs): [1924, 1923, 1922]
[02:30:07] INSERT: view_page by Мария Сидорова
[02:30:08] INSERT: login by Алексей Козлов
READ check (Last 3 IDs): [1926, 1925, 1924]
[02:30:10] INSERT: click by Иван Петров
[02:30:11] INSERT: view_page by Алексей Козлов
READ check (Last 3 IDs): [1928, 1927, 1926]
[02:30:12] INSERT: error by Мария Сидорова
[02:30:13] INSERT: login by Иван Петров
READ check (Last 3 IDs): [1930, 1929, 1928]
[02:30:14] INSERT: view_page by Иван Петров
[02:30:15] INSERT: login by Мария Сидорова
READ check (Last 3 IDs): [1932, 1931, 1930]
[02:30:16] INSERT: error by Иван Петров
[02:30:17] INSERT: click by Алексей Козлов
READ check (Last 3 IDs): [1934, 1933, 1932]
[02:30:18] INSERT: purchase by Мария Сидорова
[02:30:19] INSERT: logout by Мария Сидорова
READ check (Last 3 IDs): [1936, 1935, 1934]
[02:30:20] INSERT: login by Мария Сидорова
[02:30:21] INSERT: view_page by Алексей Козлов
READ check (Last 3 IDs): [1938, 1937, 1936]
[02:30:22] INSERT: login by Иван Петров
[02:30:23] INSERT: logout by Алексей Козлов
READ check (Last 3 IDs): [1940, 1939, 1938]
[02:30:24] INSERT: login by Мария Сидорова
[02:30:25] INSERT: logout by Мария Сидорова
READ check (Last 3 IDs): [1942, 1941, 1940]
[02:30:26] INSERT: purchase by Алексей Козлов
[02:30:27] INSERT: error by Мария Сидорова
READ check (Last 3 IDs): [1944, 1943, 1942]
[02:30:28] INSERT: purchase by Алексей Козлов
[02:30:29] INSERT: view_page by Иван Петров
READ check (Last 3 IDs): [1946, 1945, 1944]
[02:30:30] INSERT: view_page by Иван Петров
[02:30:31] INSERT: error by Алексей Козлов
READ check (Last 3 IDs): [1948, 1947, 1946]
[02:30:32] INSERT: purchase by Мария Сидорова
[02:30:33] INSERT: purchase by Мария Сидорова
READ check (Last 3 IDs): [1950, 1949, 1948]
[02:30:34] INSERT: logout by Алексей Козлов
[02:30:35] INSERT: logout by Иван Петров
READ check (Last 3 IDs): [1952, 1951, 1950]
[02:30:36] INSERT: error by Иван Петров
[02:30:37] INSERT: view_page by Мария Сидорова
READ check (Last 3 IDs): [1954, 1953, 1952]
[02:30:38] INSERT: error by Иван Петров
[02:30:39] INSERT: click by Мария Сидорова
READ check (Last 3 IDs): [1956, 1955, 1954]
[02:30:40] INSERT: logout by Иван Петров
[02:30:41] INSERT: login by Мария Сидорова
READ check (Last 3 IDs): [1958, 1957, 1956]
[02:30:42] INSERT: view_page by Иван Петров
[02:30:43] INSERT: error by Иван Петров
READ check (Last 3 IDs): [1960, 1959, 1958]
[02:30:44] INSERT: error by Алексей Козлов
[02:30:45] INSERT: error by Алексей Козлов
READ check (Last 3 IDs): [1962, 1961, 1960]
[02:30:46] INSERT: logout by Алексей Козлов
[02:30:47] INSERT: purchase by Иван Петров
READ check (Last 3 IDs): [1964, 1963, 1962]
[02:30:48] INSERT: login by Мария Сидорова
[02:30:49] INSERT: logout by Мария Сидорова
READ check (Last 3 IDs): [1966, 1965, 1964]
[02:30:50] INSERT: login by Алексей Козлов
[02:30:51] INSERT: login by Алексей Козлов
READ check (Last 3 IDs): [1968, 1967, 1966]
[02:30:52] INSERT: purchase by Мария Сидорова
[02:30:53] INSERT: view_page by Алексей Козлов
READ check (Last 3 IDs): [1970, 1969, 1968]
[02:30:54] INSERT: error by Иван Петров
[02:30:55] INSERT: view_page by Алексей Козлов
READ check (Last 3 IDs): [1972, 1971, 1970]
[02:30:56] INSERT: view_page by Мария Сидорова
[02:30:57] INSERT: error by Иван Петров
READ check (Last 3 IDs): [1974, 1973, 1972]
[02:30:58] INSERT: logout by Иван Петров
[02:30:59] INSERT: error by Алексей Козлов
READ check (Last 3 IDs): [1976, 1975, 1974]
[02:31:00] INSERT: view_page by Мария Сидорова
[02:31:01] INSERT: error by Иван Петров
READ check (Last 3 IDs): [1978, 1977, 1976]
[02:31:02] INSERT: view_page by Алексей Козлов
[02:31:03] INSERT: click by Иван Петров
READ check (Last 3 IDs): [1980, 1979, 1978]
[02:31:04] INSERT: view_page by Мария Сидорова
[02:31:05] INSERT: click by Иван Петров
READ check (Last 3 IDs): [1982, 1981, 1980]
[02:31:06] INSERT: click by Мария Сидорова
[02:31:07] INSERT: click by Иван Петров
READ check (Last 3 IDs): [1984, 1983, 1982]
[02:31:08] INSERT: purchase by Мария Сидорова
[02:31:09] INSERT: error by Мария Сидорова
READ check (Last 3 IDs): [1986, 1985, 1984]
[02:31:11] INSERT: login by Иван Петров
[02:31:12] INSERT: error by Иван Петров
READ check (Last 3 IDs): [1988, 1987, 1986]
[02:31:13] INSERT: purchase by Иван Петров
[02:31:14] INSERT: logout by Алексей Козлов
READ check (Last 3 IDs): [1990, 1989, 1988]
[02:31:15] INSERT: logout by Мария Сидорова
[02:31:16] INSERT: login by Алексей Козлов
READ check (Last 3 IDs): [1992, 1991, 1990]
[02:31:17] INSERT: click by Мария Сидорова
[02:31:18] INSERT: error by Алексей Козлов
READ check (Last 3 IDs): [1994, 1993, 1992]
[02:31:19] INSERT: login by Мария Сидорова
[02:31:20] INSERT: view_page by Алексей Козлов
READ check (Last 3 IDs): [1996, 1995, 1994]
[02:31:21] INSERT: view_page by Иван Петров
[02:31:22] INSERT: purchase by Мария Сидорова
READ check (Last 3 IDs): [1998, 1997, 1996]
[02:31:23] INSERT: purchase by Мария Сидорова
[02:31:24] INSERT: login by Мария Сидорова
READ check (Last 3 IDs): [2000, 1999, 1998]
[02:31:25] INSERT: purchase by Мария Сидорова
[02:31:26] INSERT: view_page by Иван Петров
READ check (Last 3 IDs): [2002, 2001, 2000]
[02:31:27] INSERT: logout by Иван Петров
[02:31:28] INSERT: view_page by Иван Петров
READ check (Last 3 IDs): [2004, 2003, 2002]
[02:31:29] INSERT: click by Мария Сидорова
[02:31:30] INSERT: error by Мария Сидорова
READ check (Last 3 IDs): [2006, 2005, 2004]
[02:31:31] INSERT: logout by Иван Петров
[02:31:32] INSERT: click by Иван Петров
READ check (Last 3 IDs): [2008, 2007, 2006]
[02:31:33] INSERT: logout by Мария Сидорова
[02:31:34] INSERT: logout by Иван Петров
READ check (Last 3 IDs): [2010, 2009, 2008]
[02:31:35] INSERT: purchase by Мария Сидорова
[02:31:36] INSERT: purchase by Алексей Козлов
READ check (Last 3 IDs): [2012, 2011, 2010]
[02:31:37] INSERT: purchase by Мария Сидорова
[02:31:38] INSERT: purchase by Мария Сидорова
READ check (Last 3 IDs): [2014, 2013, 2012]
[02:31:39] INSERT: view_page by Мария Сидорова
[02:31:40] INSERT: view_page by Алексей Козлов
READ check (Last 3 IDs): [2016, 2015, 2014]
[02:31:41] INSERT: login by Иван Петров
[02:31:42] INSERT: click by Иван Петров
READ check (Last 3 IDs): [2018, 2017, 2016]
[02:31:43] INSERT: logout by Мария Сидорова
[02:31:44] INSERT: error by Иван Петров
READ check (Last 3 IDs): [2020, 2019, 2018]
[02:31:45] INSERT: error by Иван Петров
[02:31:46] INSERT: click by Алексей Козлов
READ check (Last 3 IDs): [2022, 2021, 2020]
[02:31:47] INSERT: purchase by Иван Петров
[02:31:48] INSERT: click by Алексей Козлов
READ check (Last 3 IDs): [2024, 2023, 2022]
[02:31:49] INSERT: view_page by Мария Сидорова
[02:31:50] INSERT: login by Мария Сидорова
READ check (Last 3 IDs): [2026, 2025, 2024]
[02:31:51] INSERT: error by Иван Петров
[02:31:52] INSERT: error by Иван Петров
READ check (Last 3 IDs): [2028, 2027, 2026]
[02:31:53] INSERT: purchase by Алексей Козлов
[02:31:54] INSERT: purchase by Иван Петров
READ check (Last 3 IDs): [2030, 2029, 2028]
[02:31:55] INSERT: click by Иван Петров
[02:31:56] INSERT: logout by Иван Петров
READ check (Last 3 IDs): [2032, 2031, 2030]
[02:31:57] INSERT: purchase by Иван Петров
[02:31:58] INSERT: purchase by Алексей Козлов
READ check (Last 3 IDs): [2034, 2033, 2032]
[02:31:59] INSERT: error by Мария Сидорова
[02:32:00] INSERT: login by Алексей Козлов
READ check (Last 3 IDs): [2036, 2035, 2034]
[02:32:01] INSERT: logout by Иван Петров
[02:32:02] INSERT: error by Мария Сидорова
READ check (Last 3 IDs): [2038, 2037, 2036]
[02:32:03] INSERT: click by Мария Сидорова
[02:32:04] INSERT: logout by Алексей Козлов
READ check (Last 3 IDs): [2040, 2039, 2038]
[02:32:05] INSERT: login by Мария Сидорова
[02:32:06] INSERT: view_page by Алексей Козлов
READ check (Last 3 IDs): [2042, 2041, 2040]
[02:32:07] INSERT: logout by Мария Сидорова
[02:32:08] INSERT: view_page by Иван Петров
READ check (Last 3 IDs): [2044, 2043, 2042]
[02:32:09] INSERT: click by Алексей Козлов
[02:32:10] INSERT: view_page by Иван Петров
READ check (Last 3 IDs): [2046, 2045, 2044]
[02:32:11] INSERT: view_page by Алексей Козлов
[02:32:12] INSERT: view_page by Иван Петров
READ check (Last 3 IDs): [2048, 2047, 2046]
[02:32:14] INSERT: logout by Иван Петров
[02:32:15] INSERT: purchase by Иван Петров
READ check (Last 3 IDs): [2050, 2049, 2048]
[02:32:16] INSERT: purchase by Иван Петров
[02:32:17] INSERT: error by Алексей Козлов
READ check (Last 3 IDs): [2052, 2051, 2050]
[02:32:18] INSERT: purchase by Алексей Козлов
[02:32:19] INSERT: login by Алексей Козлов
READ check (Last 3 IDs): [2054, 2053, 2052]
[02:32:20] INSERT: click by Алексей Козлов
[02:32:21] INSERT: view_page by Мария Сидорова
READ check (Last 3 IDs): [2056, 2055, 2054]
[02:32:22] INSERT: logout by Иван Петров
[02:32:23] INSERT: purchase by Иван Петров
READ check (Last 3 IDs): [2058, 2057, 2056]
[02:32:24] INSERT: logout by Мария Сидорова
[02:32:25] INSERT: click by Иван Петров
READ check (Last 3 IDs): [2060, 2059, 2058]
[02:32:26] INSERT: logout by Иван Петров
[02:32:27] INSERT: error by Иван Петров
READ check (Last 3 IDs): [2062, 2061, 2060]
[02:32:28] INSERT: view_page by Алексей Козлов
[02:32:29] INSERT: purchase by Иван Петров
READ check (Last 3 IDs): [2064, 2063, 2062]
[02:32:30] INSERT: login by Алексей Козлов
[02:32:31] INSERT: login by Мария Сидорова
READ check (Last 3 IDs): [2066, 2065, 2064]
[02:32:32] INSERT: purchase by Иван Петров
[02:32:33] INSERT: error by Мария Сидорова
READ check (Last 3 IDs): [2068, 2067, 2066]
[02:32:34] INSERT: purchase by Иван Петров
[02:32:35] INSERT: error by Алексей Козлов
READ check (Last 3 IDs): [2070, 2069, 2068]
[02:32:36] INSERT: logout by Иван Петров
[02:32:37] INSERT: login by Мария Сидорова
READ check (Last 3 IDs): [2072, 2071, 2070]
[02:32:38] INSERT: logout by Алексей Козлов
[02:32:39] INSERT: purchase by Мария Сидорова
READ check (Last 3 IDs): [2074, 2073, 2072]
[02:32:40] INSERT: click by Алексей Козлов
[02:32:41] INSERT: logout by Мария Сидорова
READ check (Last 3 IDs): [2076, 2075, 2074]
[02:32:42] INSERT: purchase by Мария Сидорова
[02:32:43] INSERT: click by Мария Сидорова
READ check (Last 3 IDs): [2078, 2077, 2076]
[02:32:44] INSERT: click by Иван Петров
[02:32:45] INSERT: error by Алексей Козлов
READ check (Last 3 IDs): [2080, 2079, 2078]
[02:32:46] INSERT: login by Мария Сидорова
[02:32:47] INSERT: error by Мария Сидорова
READ check (Last 3 IDs): [2082, 2081, 2080]
[02:32:48] INSERT: logout by Иван Петров
[02:32:49] INSERT: login by Алексей Козлов
READ check (Last 3 IDs): [2084, 2083, 2082]
[02:32:50] INSERT: click by Иван Петров
[02:32:51] INSERT: purchase by Мария Сидорова
READ check (Last 3 IDs): [2086, 2085, 2084]
[02:32:52] INSERT: purchase by Иван Петров
[02:32:53] INSERT: click by Мария Сидорова
READ check (Last 3 IDs): [2088, 2087, 2086]
[02:32:54] INSERT: view_page by Иван Петров
[02:32:55] INSERT: click by Иван Петров
READ check (Last 3 IDs): [2090, 2089, 2088]
[02:32:56] INSERT: logout by Мария Сидорова
[02:32:57] INSERT: error by Мария Сидорова
READ check (Last 3 IDs): [2092, 2091, 2090]
[02:32:58] INSERT: view_page by Мария Сидорова
[02:32:59] INSERT: view_page by Иван Петров
READ check (Last 3 IDs): [2094, 2093, 2092]
[02:33:00] INSERT: login by Иван Петров
[02:33:01] INSERT: click by Иван Петров
READ check (Last 3 IDs): [2096, 2095, 2094]
[02:33:02] INSERT: click by Мария Сидорова
[02:33:03] INSERT: logout by Алексей Козлов
READ check (Last 3 IDs): [2098, 2097, 2096]
[02:33:04] INSERT: click by Алексей Козлов
[02:33:05] INSERT: logout by Иван Петров
READ check (Last 3 IDs): [2100, 2099, 2098]
[02:33:06] INSERT: logout by Мария Сидорова
[02:33:07] INSERT: error by Алексей Козлов
READ check (Last 3 IDs): [2102, 2101, 2100]
[02:33:08] INSERT: purchase by Алексей Козлов
[02:33:09] INSERT: click by Мария Сидорова
READ check (Last 3 IDs): [2104, 2103, 2102]
[02:33:10] INSERT: click by Мария Сидорова
[02:33:11] INSERT: error by Иван Петров
READ check (Last 3 IDs): [2106, 2105, 2104]
[02:33:12] INSERT: view_page by Иван Петров
[02:33:14] INSERT: click by Иван Петров
READ check (Last 3 IDs): [2108, 2107, 2106]
[02:33:15] INSERT: error by Мария Сидорова
[02:33:16] INSERT: purchase by Алексей Козлов
READ check (Last 3 IDs): [2110, 2109, 2108]
[02:33:17] INSERT: purchase by Иван Петров
[02:33:18] INSERT: click by Мария Сидорова
READ check (Last 3 IDs): [2112, 2111, 2110]
[02:33:19] INSERT: error by Мария Сидорова
[02:33:20] INSERT: view_page by Иван Петров
READ check (Last 3 IDs): [2114, 2113, 2112]
[02:33:21] INSERT: login by Мария Сидорова
[02:33:22] INSERT: click by Иван Петров
READ check (Last 3 IDs): [2116, 2115, 2114]
[02:33:23] INSERT: purchase by Иван Петров
[02:33:24] INSERT: login by Алексей Козлов
READ check (Last 3 IDs): [2118, 2117, 2116]
[02:33:25] INSERT: logout by Алексей Козлов
[02:33:26] INSERT: login by Мария Сидорова
READ check (Last 3 IDs): [2120, 2119, 2118]
[02:33:27] INSERT: logout by Иван Петров
[02:33:28] INSERT: view_page by Иван Петров
READ check (Last 3 IDs): [2122, 2121, 2120]
[02:33:29] INSERT: purchase by Иван Петров
[02:33:30] INSERT: purchase by Алексей Козлов
READ check (Last 3 IDs): [2124, 2123, 2122]
[02:33:31] INSERT: error by Алексей Козлов
[02:33:32] INSERT: error by Иван Петров
READ check (Last 3 IDs): [2126, 2125, 2124]
[02:33:33] INSERT: logout by Иван Петров
[02:33:34] INSERT: logout by Иван Петров
READ check (Last 3 IDs): [2128, 2127, 2126]
[02:33:35] INSERT: view_page by Алексей Козлов
[02:33:36] INSERT: view_page by Алексей Козлов
READ check (Last 3 IDs): [2130, 2129, 2128]
[02:33:37] INSERT: view_page by Алексей Козлов
[02:33:38] INSERT: login by Иван Петров
READ check (Last 3 IDs): [2132, 2131, 2130]
[02:33:39] INSERT: purchase by Иван Петров
[02:33:40] INSERT: purchase by Алексей Козлов
READ check (Last 3 IDs): [2134, 2133, 2132]
[02:33:41] INSERT: click by Мария Сидорова
[02:33:42] INSERT: logout by Иван Петров
READ check (Last 3 IDs): [2136, 2135, 2134]
[02:33:43] INSERT: click by Алексей Козлов
[02:33:44] INSERT: login by Мария Сидорова
READ check (Last 3 IDs): [2138, 2137, 2136]
[02:33:45] INSERT: click by Мария Сидорова
[02:33:46] INSERT: click by Мария Сидорова
READ check (Last 3 IDs): [2140, 2139, 2138]
[02:33:47] INSERT: logout by Иван Петров
[02:33:48] INSERT: error by Алексей Козлов
READ check (Last 3 IDs): [2142, 2141, 2140]
[02:33:49] INSERT: login by Мария Сидорова
[02:33:50] INSERT: logout by Алексей Козлов
READ check (Last 3 IDs): [2144, 2143, 2142]
[02:33:51] INSERT: error by Иван Петров
[02:33:52] INSERT: purchase by Иван Петров
READ check (Last 3 IDs): [2146, 2145, 2144]
[02:33:53] INSERT: click by Алексей Козлов
[02:33:54] INSERT: error by Мария Сидорова
READ check (Last 3 IDs): [2148, 2147, 2146]
[02:33:55] INSERT: view_page by Иван Петров
[02:33:56] INSERT: click by Алексей Козлов
READ check (Last 3 IDs): [2150, 2149, 2148]
[02:33:57] INSERT: logout by Мария Сидорова
[02:33:58] INSERT: logout by Иван Петров
READ check (Last 3 IDs): [2152, 2151, 2150]
[02:33:59] INSERT: logout by Мария Сидорова
[02:34:00] INSERT: purchase by Алексей Козлов
READ check (Last 3 IDs): [2154, 2153, 2152]
[02:34:01] INSERT: view_page by Алексей Козлов
[02:34:02] INSERT: logout by Мария Сидорова
READ check (Last 3 IDs): [2156, 2155, 2154]
[02:34:03] INSERT: logout by Мария Сидорова
[02:34:04] INSERT: purchase by Мария Сидорова
READ check (Last 3 IDs): [2158, 2157, 2156]
[02:34:05] INSERT: login by Алексей Козлов
[02:34:06] INSERT: logout by Иван Петров
READ check (Last 3 IDs): [2160, 2159, 2158]
[02:34:07] INSERT: click by Иван Петров
[02:34:08] INSERT: login by Иван Петров
READ check (Last 3 IDs): [2162, 2161, 2160]
[02:34:09] INSERT: login by Мария Сидорова
[02:34:10] INSERT: click by Иван Петров
READ check (Last 3 IDs): [2164, 2163, 2162]
[02:34:11] INSERT: logout by Иван Петров
[02:34:12] INSERT: error by Алексей Козлов
READ check (Last 3 IDs): [2166, 2165, 2164]
[02:34:13] INSERT: purchase by Мария Сидорова
[02:34:14] INSERT: purchase by Мария Сидорова
READ check (Last 3 IDs): [2168, 2167, 2166]
[02:34:15] INSERT: click by Мария Сидорова
[02:34:17] INSERT: purchase by Мария Сидорова
READ check (Last 3 IDs): [2170, 2169, 2168]
[02:34:18] INSERT: login by Мария Сидорова
[02:34:19] INSERT: login by Иван Петров
READ check (Last 3 IDs): [2172, 2171, 2170]
[02:34:20] INSERT: logout by Алексей Козлов
[02:34:21] INSERT: click by Мария Сидорова
READ check (Last 3 IDs): [2174, 2173, 2172]
[02:34:22] INSERT: login by Алексей Козлов
[02:34:23] INSERT: purchase by Мария Сидорова
READ check (Last 3 IDs): [2176, 2175, 2174]
[02:34:24] INSERT: click by Алексей Козлов
[02:34:25] INSERT: click by Мария Сидорова
READ check (Last 3 IDs): [2178, 2177, 2176]
[02:34:26] INSERT: purchase by Мария Сидорова
[02:34:27] INSERT: view_page by Мария Сидорова
READ check (Last 3 IDs): [2180, 2179, 2178]
[02:34:28] INSERT: logout by Мария Сидорова
[02:34:29] INSERT: login by Мария Сидорова
READ check (Last 3 IDs): [2182, 2181, 2180]
[02:34:30] INSERT: logout by Мария Сидорова
[02:34:31] INSERT: login by Алексей Козлов
READ check (Last 3 IDs): [2184, 2183, 2182]
[02:34:32] INSERT: click by Иван Петров
[02:34:33] INSERT: purchase by Мария Сидорова
READ check (Last 3 IDs): [2186, 2185, 2184]
[02:34:34] INSERT: purchase by Иван Петров
[02:34:35] INSERT: view_page by Мария Сидорова
READ check (Last 3 IDs): [2188, 2187, 2186]
[02:34:36] INSERT: click by Алексей Козлов
[02:34:37] INSERT: logout by Иван Петров
READ check (Last 3 IDs): [2190, 2189, 2188]
[02:34:38] INSERT: view_page by Иван Петров
[02:34:39] INSERT: click by Мария Сидорова
READ check (Last 3 IDs): [2192, 2191, 2190]
[02:34:40] INSERT: click by Алексей Козлов
[02:34:41] INSERT: error by Мария Сидорова
READ check (Last 3 IDs): [2194, 2193, 2192]
[02:34:42] INSERT: login by Алексей Козлов
[02:34:43] INSERT: view_page by Алексей Козлов
READ check (Last 3 IDs): [2196, 2195, 2194]
[02:34:44] INSERT: error by Иван Петров
[02:34:45] INSERT: view_page by Мария Сидорова
READ check (Last 3 IDs): [2198, 2197, 2196]
[02:34:46] INSERT: logout by Иван Петров
[02:34:47] INSERT: logout by Алексей Козлов
READ check (Last 3 IDs): [2200, 2199, 2198]
[02:34:48] INSERT: logout by Мария Сидорова
[02:34:49] INSERT: logout by Мария Сидорова
READ check (Last 3 IDs): [2202, 2201, 2200]
[02:34:50] INSERT: login by Алексей Козлов
[02:34:51] INSERT: error by Алексей Козлов
READ check (Last 3 IDs): [2204, 2203, 2202]
[02:34:52] INSERT: purchase by Алексей Козлов
[02:34:53] INSERT: click by Мария Сидорова
READ check (Last 3 IDs): [2206, 2205, 2204]
[02:34:54] INSERT: click by Иван Петров
[02:34:55] INSERT: click by Мария Сидорова
READ check (Last 3 IDs): [2208, 2207, 2206]
[02:34:56] INSERT: logout by Мария Сидорова
[02:34:57] INSERT: purchase by Мария Сидорова
READ check (Last 3 IDs): [2210, 2209, 2208]
[02:34:58] INSERT: logout by Алексей Козлов
[02:34:59] INSERT: logout by Мария Сидорова
READ check (Last 3 IDs): [2212, 2211, 2210]
[02:35:00] INSERT: logout by Иван Петров
[02:35:01] INSERT: purchase by Алексей Козлов
READ check (Last 3 IDs): [2214, 2213, 2212]
[02:35:02] INSERT: purchase by Мария Сидорова
[02:35:03] INSERT: logout by Алексей Козлов
READ check (Last 3 IDs): [2216, 2215, 2214]
[02:35:04] INSERT: view_page by Мария Сидорова
[02:35:05] INSERT: view_page by Мария Сидорова
READ check (Last 3 IDs): [2218, 2217, 2216]
[02:35:06] INSERT: view_page by Иван Петров
[02:35:07] INSERT: login by Иван Петров
READ check (Last 3 IDs): [2220, 2219, 2218]
[02:35:08] INSERT: logout by Мария Сидорова
[02:35:09] INSERT: login by Иван Петров
READ check (Last 3 IDs): [2222, 2221, 2220]
[02:35:10] INSERT: purchase by Мария Сидорова
[02:35:11] INSERT: login by Иван Петров
READ check (Last 3 IDs): [2224, 2223, 2222]
[02:35:12] INSERT: click by Алексей Козлов
[02:35:13] INSERT: login by Мария Сидорова
READ check (Last 3 IDs): [2226, 2225, 2224]
[02:35:14] INSERT: click by Мария Сидорова
[02:35:15] INSERT: logout by Иван Петров
READ check (Last 3 IDs): [2228, 2227, 2226]
[02:35:16] INSERT: error by Мария Сидорова
[02:35:17] INSERT: login by Иван Петров
READ check (Last 3 IDs): [2230, 2229, 2228]
[02:35:19] INSERT: purchase by Алексей Козлов
[02:35:20] INSERT: click by Алексей Козлов
READ check (Last 3 IDs): [2232, 2231, 2230]
[02:35:21] INSERT: click by Алексей Козлов
[02:35:22] INSERT: logout by Иван Петров
READ check (Last 3 IDs): [2234, 2233, 2232]
[02:35:23] INSERT: click by Мария Сидорова
[02:35:24] INSERT: click by Мария Сидорова
READ check (Last 3 IDs): [2236, 2235, 2234]
[02:35:25] INSERT: login by Алексей Козлов
[02:35:26] INSERT: error by Иван Петров
READ check (Last 3 IDs): [2238, 2237, 2236]
[02:35:27] INSERT: purchase by Иван Петров
[02:35:28] INSERT: click by Иван Петров
READ check (Last 3 IDs): [2240, 2239, 2238]
[02:35:29] INSERT: view_page by Мария Сидорова
[02:35:30] INSERT: error by Мария Сидорова
READ check (Last 3 IDs): [2242, 2241, 2240]
[02:35:31] INSERT: view_page by Мария Сидорова
[02:35:32] INSERT: view_page by Мария Сидорова
READ check (Last 3 IDs): [2244, 2243, 2242]
[02:35:33] INSERT: view_page by Иван Петров
[02:35:34] INSERT: view_page by Мария Сидорова
READ check (Last 3 IDs): [2246, 2245, 2244]
[02:35:35] INSERT: logout by Мария Сидорова
[02:35:36] INSERT: view_page by Мария Сидорова
READ check (Last 3 IDs): [2248, 2247, 2246]
[02:35:37] INSERT: error by Алексей Козлов
[02:35:38] INSERT: error by Алексей Козлов
READ check (Last 3 IDs): [2250, 2249, 2248]
[02:35:39] INSERT: purchase by Мария Сидорова
[02:35:40] INSERT: error by Мария Сидорова
READ check (Last 3 IDs): [2252, 2251, 2250]
[02:35:41] INSERT: error by Алексей Козлов
[02:35:42] INSERT: purchase by Мария Сидорова
READ check (Last 3 IDs): [2254, 2253, 2252]
[02:35:43] INSERT: purchase by Мария Сидорова
[02:35:44] INSERT: error by Иван Петров
READ check (Last 3 IDs): [2256, 2255, 2254]
[02:35:45] INSERT: click by Мария Сидорова
[02:35:46] INSERT: logout by Иван Петров
READ check (Last 3 IDs): [2258, 2257, 2256]
